prefLabel@fr,Décision\nNe pas convertir,Exact match IAML,Contexte d'utilisation (à mettre en scopenote)\nNe plus mentionner dans le référentiel. A considérer comme note de travail. Ne pas convertir,Contexte (collection skos),altLabel@fr,prefLabel@en,altLabel@en,prefLabel@it,altLabel@it,description@fr,skos:scopeNote@fr,Définition UNIMARC (ne pas convertir),Commentaires (ne pas convertir),mapping RF  (ne pas convertir),mapping BnF  (ne pas convertir),mapping PP (codes fonction issus d'Aloès)  (ne pas convertir),Notes de travail (à ne pas convertir)
acrobate,A revoir (IAML) \n10/11/2017 (CC) : --> interprètes ?\n20/11/2017 : ok\n28/02/2018 : ajout du contexte casting et de la scopenote,,M28 Individual Performance,performance\ncasting,,acrobat,,acrobata,,"Agent dont la souplesse et la force sont artistiquement mises en valeur au cirque et dans les spectacles. (Larousse, modifié) ","Dans la distribution, la mention de cette fonction est un raccourci pour l'exécution d'une oeuvre de spectacle vivant incorporée à une oeuvre musicale. ",,,,,,
acteur,18/10/2017 : ok\n28/02/2018 : ajout du contexte casting et de la scopenote,,M28 Individual Performance,performance\ncasting,comédien\nactrice,actor,,attore,,"Agent contribuant à l'interprétation d'une oeuvre en agissant à titre de membre d'une distribution artistique ou de comédien dans une représentation musicale ou dramatique etc. (RDA, modifié)","Dans la distribution, la mention de cette fonction est un raccourci pour l'exécution d'une oeuvre de spectacle vivant incorporée à une oeuvre musicale. ",,,,,,Personne jouant dans un spectacle ou exécutant une œuvre musicale.\n(UNIMARC)
   > acteur enfant,09/11/2017 : à intégrer\n28/02/2018 : ajout du contexte casting et de la scopenote,,M28 Individual Performance,performance\ncasting,,child actor,,attore bambino,,"Enfant contribuant à l'interprétation d'une oeuvre en agissant à titre de membre d'une distribution artistique ou de comédien dans une représentation musicale ou dramatique etc. (RDA, modifié)","Dans la distribution, la mention de cette fonction est un raccourci pour l'exécution d'une oeuvre de spectacle vivant incorporée à une oeuvre musicale.",,,,,,
   > acteur muet,09/11/2017 : à intégrer\n28/02/2018 : ajout du contexte casting et de la scopenote,,M28 Individual Performance,performance\ncasting,,silent actor,,attore muto,,"Acteur qui n'a pas de texte à dire. (Larousse, modifié)","Dans la distribution, la mention de cette fonction est un raccourci pour l'exécution d'une oeuvre de spectacle vivant incorporée à une oeuvre musicale.",,,,,,
   > figurant,"09/11/2017 : à intégrer (IAML)\n10/11/2017 (CC) : sous interprète ?\n16/02/2018 : modification de la définition, de la traduction anglaise et de la hiérarchie (mis sous ""acteur"") - (MV - CC) \n28/02/2018: ok\n28/02/2018 : ajout du contexte casting et de la scopenote",,M28 Individual Performance,performance\ncasting,,extra,background actor,figurante,comparsa,"Acteur à qui l'on ne demande que\nla présence dans une pièce de théâtre, \nun film, un ballet, etc. \n(Larousse) \n","Dans la distribution, la mention de cette fonction est un raccourci pour l'exécution d'une oeuvre de spectacle vivant incorporée à une oeuvre musicale.",,,,,,
adaptateur,10/11/17 : OK,,F28 Expression Creation (lié à F22 Self-Contained Expression),musical_work\ncreative_work,,adapter,,adattatore,,"Agent qui transpose une œuvre dans un autre genre artistique, ou pour un autre public (par exemple: adaptation pour enfants).",Entre oeuvres musicales on utilisera plutôt arrangeur. On garde la fonction adaptateur pour les modifications apportées à un texte littéraire pour en faire un texte mis en musique.,,,,,,
attaché de production (radio),"30/10/2017 : ok\n08/11/2017 (CC) : hiérarchiser sous ""contributeur"" ? --> non\n09/11/2017 : ok\n14/06/2018 : il est décidé de ne pas traduire ce terme",,"F28 Expression Creation (liée à F22 Self-Contained Expression de type ""émission radiophonique"")\n",creative_work,,,,assistente di produzione (radio),,"Agent chargé d’assister le producteur, l’animateur ou le journaliste dans certaines activités liées à l’élaboration d'une émission radiophonique (assistance au metteur en onde de l’émission et montage d’éléments, documentation, constitution de plateaux d'invités, alimentation du site web de l'émission). (Radio France, modifié)\n",,,,,,,"MV : En étroite relation avec le producteur et l'animateur de l’émission, il prépare la\nproduction des différentes émissions, réalise les recherches nécessaires pour établir la documentation la plus complète possible en fonction du contenu de chacune des émissions et suggère les témoignages et les différentes illustrations susceptibles d’enrichir l’émission.\nIl participe à la sélection d’invités et à la constitution de plateaux d’invités. Il assure la coordination et le lien entre les membres de l’équipe de production et lesintervenants extérieurs. Il assure la logistique administrative de l’émission et alimente les différents systèmes d’information ainsi que les pages Internet de l’émission et les réseaux sociaux "
auteur du texte,18/10/2017 : ok\n09/11/2017 : conserver M28 dans contexte\n16/02/2018 : on propose de supprimer M28 du contexte (MV - CC)\n28/02/2018 : on conserve M28 dans le contexte,,F28 Expression Creation (lié à F22 Self-Contained Expression)\nM28 Individual Performance (dans le cas d'une improvisation),musical_work\ncreative_work\nperformance,auteur\ncoauteur\nécrivain,author,,autore del testo,,"Agent exerçant la responsabilité principale dans la création du contenu intellectuel ou artistique d’une œuvre textuelle (Unimarc, modifié)","A utiliser aussi dans le contexte d'une représentation/exécution lorsque du texte est créé par improvisation (slam, etc.). ",,,,,,
      > auteur de dialogues,18/10/2017 : ok\n09/11/2017 : uniquement F28 en contexte,,F28 Expression Creation (lié à F22 Self-Contained Expression),creative_work,auteur du script\ndialoguiste,author of dialogue,,autore dei dialoghi,,Auteur des dialogues ou des commentaires oraux pour un scénario ou un enregistrement sonore.,A associer à l'œuvre textuelle incorporée dans l'œuvre musicale. Ne pas confondre avec le librettiste et le parolier.,,"oui, mais de l'œuvre textuelle incorporée dans l'œuvre musicale\nne pas confondre avec le librettiste et le parolier",,,,
      >  auteur de l’argument,"18/10/2017 : ok""18/10/2017 : ok\n09/11/2017 : uniquement F28 en contexte""",,F28 Expression Creation (lié à F22 Self-Contained Expression),creative_work,,author of argument,,autore dell'argomento,,"Auteur de l’action dramatique servant de trame à une autre œuvre (ballet, poème symphonique, etc.).",A associer à l'œuvre textuelle utilisée pour la création de la nouvelle œuvre.,,"oui, mais de l'œuvre textuelle sur laquelle est fondée l'œuvre chorégraphique",,,,
        > auteur de l'avant-propos,"18/10/2017 : ok""18/10/2017 : ok\n09/11/2017 : uniquement F28 en contexte""\n12/06/18 : ajout de F30 Publication Event dans colonne D et de la collection ""publication""\n14/06/18 : modification F30 => F24 colonne D (MV)",,F28 Expression Creation (lié à F22 Self-Contained Expression)\nF24 Publication Expression,creative_work\npublication,,author of foreword,,autore dell'antefatto,,Auteur d'une œuvre textuelle utilisée comme avant-propos lors de la publication d'une autre œuvre.,A associer à l'œuvre textuelle incorporée dans la publication (F24 Publication Expression),,créateur d'une œuvre (augmentation) incorporée dans la F24,,,,
       > auteur de l'introduction,"18/10/2017 : ok""18/10/2017 : ok\n09/11/2017 : uniquement F28 en contexte""\n12/06/18 : ajout de F30 Publication Event dans colonne D et de la collection ""publication""\n14/06/18 : modification F30 => F24 colonne D (MV)",,F28 Expression Creation (lié à F22 Self-Contained Expression)\nF24 Publication Expression,creative_work\npublication,,author of introduction,,autore dell'introduzione,,Auteur d'une œuvre textuelle utilisée comme introduction lors de la publication d'une autre œuvre.,A associer à l'œuvre textuelle incorporée dans la publication (F24 Publication Expression),,créateur d'une œuvre (augmentation) incorporée dans la F24,,,,
        > auteur de la postface,"18/10/2017 : ok""18/10/2017 : ok\n09/11/2017 : uniquement F28 en contexte""\n12/06/18 : ajout de F30 Publication Event dans colonne D et de la collection ""publication""\n14/06/18 : modification F30 => F24 colonne D (MV)",,F28 Expression Creation (lié à F22 Self-Contained Expression )\nF24 Publication Expression,creative_work\npublication,postfacier,author of afterword,,autore della postfazione,,Auteur d'une œuvre textuelle utilisée comme postface lors de la publication d'une autre œuvre.,A associer à l'œuvre textuelle incorporée dans la publication (F24 Publication Expression).,,créateur d'une œuvre (augmentation) incorporée dans la F24,,,,
        > auteur de la préface,"18/10/2017 : ok""18/10/2017 : ok\n09/11/2017 : uniquement F28 en contexte""\n12/06/18 : ajout de F24 Publication Expression dans colonne D et de la collection ""publication""\n14/06/18 : modification F30 => F24 colonne D (MV)",,F28 Expression Creation (lié à F22 Self-Contained Expression )\nF24 Publication Expression,creative_work\npublication,préfacier,author of preface,,autore della prefazione,,Auteur d'une œuvre textuelle utilisée comme préface lors de la publication d'une autre œuvre.,A associer à l'œuvre textuelle incorporée dans la publication (F24 Publication Expression).,,créateur d'une œuvre (augmentation) incorporée dans la F24,,,,
        > auteur des notes,"18/10/2017 : ok""18/10/2017 : ok\n09/11/2017 : uniquement F28 en contexte""\n12/06/18 : ajout de F30 Publication Event dans colonne D et de la collection ""publication""\n14/06/18 : modification F30 => F24 colonne D (MV)",,F28 Expression Creation (lié à F22 Self-Contained Expression )\nF24 Publication Expression,creative_work\npublication,annotateur,auhor of annotations,,autore delle annotazioni,,Auteur d'une œuvre textuelle utilisée comme apparat critique lors de la publication d'une autre œuvre.,A associer à l'œuvre textuelle incorporée dans la publication (F24 Publication Expression).,,créateur d'une œuvre (augmentation) incorporée dans la F24,,,,
       > librettiste,"18/10/2017 : ok""18/10/2017 : ok\n09/11/2017 : uniquement F28 en contexte""",,F28 Expression Creation (lié à F22 Self-Contained Expression ),creative_work\nmusical_work,,librettist,,librettista,,"Auteur des paroles d’un opéra, d’un oratorio, ou d’une autre œuvre lyrique, à l'exception de la comédie musicale.",A associer à l'œuvre textuelle incorporée dans l'œuvre musicale.,,"oui, mais de l'œuvre textuelle incorporée dans l'œuvre musicale",,,,
        > parolier,"18/10/2017 : ok""18/10/2017 : ok\n09/11/2017 : uniquement F28 en contexte""",,F28 Expression Creation (lié à F22 Self-Contained Expression ),creative_work\nmusical_work,auteur parolier\nauteur des lyrics\nlyriciste ,lyricist,,paroliere,,Auteur des paroles d’une chanson ou d’une comédie musicale.,A associer à l'œuvre textuelle incorporée dans l'œuvre musicale.,,"oui, mais de l'œuvre textuelle incorporée dans l'œuvre musicale",,,,
        > scénariste,"18/10/2017 : ok""18/10/2017 : ok\n09/11/2017 : uniquement F28 en contexte""",,F28 Expression Creation (lié à F22 Self-Contained Expression ),creative_work,,screenwriter,,sceneggiatore,,"Auteur d’un scénario, d’un script ou d’une scène d'une œuvre cinématographique.",A associer à l'œuvre textuelle incorporée dans le Performance Plan (F25).,,"oui, mais de l'œuvre textuelle (F22)  incorporée dans le F25 Performance Plan de la F31 Performance",,,,
bruiteur,18/10/2017 : ok\n28/02/2018 : ajout du contexte casting,,M28 Individual Performance,performance\ncasting,,sound-effects engineer,foley artist ,rumorista,,"Agent chargé d'imiter, par divers procédés, les bruits de la vie quotidienne, souvent pour accompagner une émission ou un spectacle.\n(Centre National de Ressources Textuelles et Lexicales CNRTL, modifié)\n\n",,,," il est créateur d'une partie de l'œuvre (BnF . S'il est créateur d'une partie de l'oeuvre, il est considéré comme compositeur, et s'il est interprète, il utilise un objet considére comme medium of performance pour produire un son",,,
chargé de réalisation,18/10/2017 : à suprimer\n30/10/2017 : à garder (pour les oeuvres émissions de radio uniquement)\n09/11/2017 :(réunion) : Changer le contexte --> F29\n14/06/2018 : il est décidé de ne pas traduire ce terme,,"F29 Recording Event \nM29 Editing \nF28 Expression Creation (lié à F22 Self-Contained Expression de type ""émission radiophonique"")",creative_work\nrecording\nediting\n,,,,,,"Agent responsable de la forme artistique d'une émission de radio (script de l'enregistrement, montage, choix des séquences, choix des éléments sonores, supervision du mixage, choix des prises et coordination entre les différents intervenants à l'enregistrement et à la diffusion dans le cas des concerts).\n(Radio France, modifié)",,,,,,,Radio France / Ne peut être en altLabel du réalisateur.
direction d'ensemble,28/02/2018 : création de la fonction ,,M28 Individual Performance,performance,,conductor,,direttore,,"Agent qui dirige un ensemble instrumental et / ou vocal.  S'applique à tous les types d'ensemble, quelle que soit leur taille ou leur composition (instruments, voix, etc.) ",,,,,,,
   > chef d'orchestre,18/10/2017 : ok,,M28 Individual Performance,performance,,chief conductor,music director,direttore d'orchestra,,"Agent qui dirige un ensemble instrumental exécutant une œuvre musicale.\n(UNIMARC, modifié)",,,,,,,
   > chef de choeur,18/10/2017 : ok\n16/02/2018 : correction de l'intitulé (mauvaise manip dans le tableau) - MV - CC,,M28 Individual Performance,performance,directeur de chorale,choral director ,choirmaster\nchorus master,direttore di coro,maestro del coro,"Agent qui dirige tous les chanteurs qui constituent un choeur.\n(UNIMARC, modifié)",,,,,,,
      > > chef de maîtrise ,18/10/2017 : ok,,M28 Individual Performance,performance,,,director of choir school,,,Agent qui dirige des chanteurs faisant partie d'une maîtrise (école où l'on forme des enfants au chant). ,,,,,,,"MV : Maîtrise : École où l'on forme les enfants au chant ; chorale, attachée à cette école ; ensemble des chantres d'une église. (Larousse en ligne)\n"
chef du dispositif électronique en direct,"09/11/2017 : à intégrer (IAML)\n29/11/2017 : revoir l'intitulé en français?\n22/12/2017 : forme anglaise IAML et proposition de définition (FL et FP) \n16/02/2018 : suppression d'un altlabel (informaitque musicale, à revoir pour la Philha) - VM-CC",,M28 Individual Performance,performance,,live electronic conductor,,direttore di live electronic,,"Agent qui dirige une représentation musicale utilisant des sons ou des instruments électroniques joués en direct, généralement en situation de concert, par opposition à la musique électronique enregistrée.\n(Wikipédia, modifié) ",,,,,,Informatique musicale à mapper vers un M14 Medium of Performance,
chorégraphe,"18/10/2017 : ok""18/10/2017 : ok\n09/11/2017 : uniquement F28 en contexte""\n16/02/2018 : modif def (VM - CC)",,"F28 Expression Creation (lié à F22 Self-Contained Expression de type ""oeuvre chorégraphique"")",creative_work,,choreographer ,,coreografo,,"Agent responsable de la création d'une oeuvre chorégraphique ou de mouvement (RDA, modifié).",A associer à l'œuvre chorégraphique incorporée dans le Performance Plan (F25).,,"oui, mais de l'œuvre chorégraphique (F22) incorporée dans le F25 Performance Plan de la F31 Performance",,,,Personne qui règle les pas et les figures des danses destinées à la scène (Le Petit Robert modifié)
collecteur,09/11/2017 : on ajoute F28 (cf. CR de réunion) et on enlève F24,,F29 Recording Event\nF28 Expression Creation (lié à F22 Self-Contained Expression),recording\nmusical_work\ncreative_work,,collector of field material ,,,,"Agent collectant sur le terrain des éléments du patrimoine musical, oral ou naturel d'un territoire géographique, d'une population ou d'une espèce donnée, par transcription ou par enregistrement sonore ou audiovisuel. (UNIMARC, modifié)",,,,,,,
commanditaire,18/10/2017 : ok\n09/11/2017 : ok,,F28 Expression Creation (lié à F22 Self-Contained Expression),musical_work\ncreative_work\npublication,parraineur,sponsor,,sponsor,finanziatore,Agent qui commande et/ou finance la création ou la publication d’une œuvre ou d’un ensemble d'œuvres dont elle détermine l’objectif et parfois le contenu.,,,OK / Fonctions associées à la création (RDA),,,,
compilateur,"18/10/2017 : ok""18/10/2017 : ok\n09/11/2017 : uniquement F28 en contexte""",,F28 Expression Creation (lié à F22 Self-Contained Expression),musical_work\ncreative_work\npublication,,compiler,,complilatore,,"Agent responsable de la création d’une nouvelle œuvre par la sélection, l'organisation, le regroupement ou l'édition d'œuvres ou de parties d'œuvres existantes (RDA, modifié)",A associer à l'œuvre agrégative (F17).,,oui de l'œuvre agrégative (F17 Aggregation Work),,,,
concepteur des coups d'archet,09/11/2017 : ok (ajout de F24)\n22/12/2017 : ajout de la traduction anglaise (FL et FP,,F28 Expression Creation (lié à F25 Performance Plan)\nF30 Publication Event (lié à F24 Publication Expression),performance_plan\npublication,,editor of the bowing marks,,annotatore delle arcate,,"Agent qui indique, dans le jeu des instruments à cordes frottées, les différentes manières de mouvoir l'archet sur la corde, à l'endroit correct, dans la direction et à la vitesse prescrites, et avec la pression nécessaire.  \n(d'après Larousse « Dictionnaire de la musique »)",,,BnF : créateur du F25 Performance Plan,,,,
concepteur des doigtés,09/11/2017 : ok (ajout de F24),,F28 Expression Creation (lié à F25 Performance Plan)\nF30 Publication Event (lié à F24 Publication Expression),performance_plan\npublication,,editor of fingerings,,annotatore della diteggiatura,,"Agent qui indique par des annotations chiffrées sur la partition, une manière de placer les doigts sur l'instrument. (Larousse, modifié)",,,BnF : créateur du F25 Performance Plan,,,,
concepteur des indications pédales,09/11/2017 : ok (ajout de F24)\n,,F28 Expression Creation (lié à F25 Performance Plan)\nF30 Publication Event (lié à F24 Publication Expression),performance_plan\npublication,,editor of pedal markings,,annotatore delle indicazioni di pedale,,"Agent qui indique par des annotations sur la partition, quand utiliser les pédales du piano dans l'exécution d'une oeuvre.",,,BnF : créateur du F25 Performance Plan,,,,
conseiller artistique,"09/11/2017 : ok\n16/02/2018 : rédaction de la définition (MV, CC)",,F28 Expression Creation (lié à F25 Performance Plan),performance_plan\nrecording,,artistic adviser,,consulente artistico,,"Agent qui apporte ses conseils pour la réalisation d'une oeuvre (spectacle, enregistrement, etc.)",,,,,,,
conseiller littéraire,09/11/2017 : ok\n16/02/2018 : modif du contexte d'utilisation (remplacement de F25 par F22)\n07/05/2018 : modification du contexte d'utilisation : F28 (lié à une F22) (FL et FP)   ,,F28 Expression Creation (lié à F22 Self-Contained Expression) ,creative_work,,literary advisor,,consulente letterario,,"Agent qui aide l'auteur à trouver des pistes de travail à la lumière des défauts et des qualités de son oeuvre, en vue de son édition.",,,,,,,
conteur,18/10/2017 : ok\n22/12/2017 : définition modifiée (FL et FP)\n16/02/2018 : modification de la définition et ajout d'une scopenote (MV-CC)\n28/02/2018 : ajout du contexte casting et modification de la scopenote. ,,M28 Individual Performance,performance\ncasting,,storyteller,,cantastorie,,"Agent qui dit, récite des contes devant un public (Dictionnaire de l'Académie française, modifié)\n","Le créateur d'un conte doit être mentionné comme ""auteur du texte"" d'une oeuvre textuelle. Dans la distribution, la mention de conteur est un raccourci pour l'exécution d'une oeuvre textuelle (conte) incorporée à une oeuvre musicale.  ",,,,,,Personne racontant l'histoire originale d'un créateur dans le cadre d'un spectacle (RDA modifié)
continuateur,"18/10/2017 : ok (n'est pas un spécifique de compositeur (peut êre utilisé pour les oeuvres textuelles), seulement de créateur \n09/11/2017 : uniquement F28 en contexte""\n22/12/2017 : ajout de la traduction anglaise (FL et FP\n16/02/2018 : modification de la définition (MV - CC)\n07/05/2018 : déplacement en scope note de la seconde phrase de la définition et modification rédactionnelle de celle-ci. Proposition d'une traduction anglaise.",,F28 Expression Creation (lié à F22 Self-Contained Expression)\n,creative_work\nmusical_work,,continuator,,continuatore,,Agent qui donne une suite à l'œuvre d'un autre créateur. ,Le type d'œuvre résultant de la F28 (Expression creation) effectuée par le continuateur  indique la nature de la continuation.,,,,,,
contributeur,"18/10/2017 : à rediscuter+ \n09/11/2017 : ok (+ ajout scopenote)\n16/02/2018 : modification de la définition (MV - CC)\n05/06/2018 : supression des collections recording, editing et publication\n (MV)",,F28 Expression Creation (lié à F22 ou F25)  \nF31 Performance\nM42 Performed Expression Creation\n,creative_work\nmusical_work\nperformance\nperformance_plan\n,,contributor,,contributore,,Agent qui a réalisé des contributions significatives mais secondaires au contenu intellectuel ou artistique d'une oeuvre ou de sa réalisation.,A n'utiliser que lorsque l'on ne dispose pas d'une fonction plus précise.,,,,,,
costumier,"18/10/2017 : ok\n09/11/2017 : uniquement F28 en contexte""",,"F28 Expression Creation (lié à une F22 Self-Contained Expression de type ""costume"")",creative_work,créateur des costumes,costume designer,,costumista,,"Agent qui fait, vend ou loue des costumes de scène, qui s'occupe des costumes d'une représentation.\n(Petit Robert 1, modifié)",,,,,,,"Personne, famille ou collectivité contribuant à une expression d'une oeuvre en créant les costumes pour une production d'images animées ou bien pour une représentation ou un spectacle musical ou dramatique (RDA)"
créateur,09/11/217: ok,,F28 Expression Creation  (lié à F22 Self-Contained Expression ou F25 Performance Plan)  \nF30 Publication Event (lié à F24 Publication Expression)\n,creative_work\nmusical_work\npublication\n,,creator,,creatore,,Agent qui exerce une responsabilité principale dans la création du contenu intellectuel ou artistique d’une œuvre.,,,,,,,
danseur,18/10/2017 : ok\n28/02/2018 : ajout de casting dans le contexte et ajout de la scopenote,,M28 Individual Performance\nM6 Casting,performance\ncasting,,dancer,,ballerino,,"Agent qui déploie essentiellement des compétences relevant de l'art chorégraphique au cours d'une représentation ou autre manifestation musicale ou théâtrale. (UNIMARC, modifié)","Si elle est incorporée au casting d'une oeuvre musicale, la mention de cette fonction est un raccourci pour l'exécution d'une oeuvre de spectacle vivant incorporée à l'oeuvre musicale",,,,,,
décorateur,"18/10/2017 : ok\n09/11/2017 : uniquement F28 en contexte""\n22/12/2017 : définition légèrement modifiée (élargie)\n16/02/2018 : modification de la traduction (MV - CC --> dictionnaire bilingue du spectacle)",,"F28 Expression Creation (lié à F22 Self-Contained Expression de type ""décor"")",creative_work,Ensemblier,set designer,,decoratore,,"Agent responsable de la conception de l'aspect visuel global d'un spectacle ou d'une production d'images animées (RDA, modifié)",,,,,,,
dessinateur,"18/10/2017 : ok\n09/11/2017 : F28 et M28\n28/12/2017 : ajout d'une autre proposition de définition, plus fonctionnelle et qui nous semble donc mieux adaptée. \n16/02/2018 : simplification de la définition (MV - CC)",,"F28 Expression Creation (lié à F22 Self-Contained Expression de type ""oeuvre graphique"")\nM28 Individual Performance (en cas d'improvisation)",creative_work\nperformance,,drawer,,disegnatore,,"Agent qui conçoit un dessin original \n(Unimarc, modifié)",,,"Peut être utilisé en performance si une oeuvre est créée sur scène, lors de la représentation",,,,"Anciennes défintions : Personne qui possède une compétence particulière dans l'art du dessin ou qui pratique habituellement cet art (d'après Le petit Robert 2012)
\nPersonne responsabme de la création d'un (ou plusieurs) dessin(s. Le dessin résultant du travail d'un dessinateur peut être artistique, documentaire, technique, ou une base de travail pour d'autres professionnels. (Wikipédia modifié) "
destinataire,"18/10/2017 : ok\n16/02/2018 : modification de la définition (MV - CC)\n07/05/2018 : ajout de ""famille ou collectivité"" dans la définiton (FL et FP)",,F28 Expression Creation (lié à F22 Self-Contained Expression),creative_work\nmusical_work,,addressee,,destinatario,,"Agent à qui une oeuvre ou une partie d'oeuvre est adressée \n(RDA, modifié)",,,,,,,Personne pour laquelle une oeuvre a été créée
directeur artistique,"30/10/2017 : ok\n16/02/2018 : suppression du altlabel, modifications des traduction anglaise et définition (MV- CC)\n07/05/2018 : la définition de RDA nous semble trop limitée et strictement anglo-américaine. Nous proposons de retenir une définition plus vaste d'après Wikipédia, ou de revenir à la définition d'UNIMARC. (FL et FP) \n05/06/18 : tout le monde OK. Supression de la définition de RDA (MV)",,F28 Expression Creation (lié à F25 Performance Plan),performance_plan,,art director,,direttore artistico,,"Agent responsable de l'aspect visuel et artistique d'un projet multimédia, d'une production audiovisuelle ou d'une création contemporaine (Wikipédia, modifié).   ",,,,,,,"Personne qui a sous sa responsabilité tous les aspects visuels d'une mise en scène (éclairages, décors, costumes, etc). UNIMARC"
directeur artistique (son),30/10/2017 : ok\n16/02/2018 : modification de la définition (MV - CC)\n27/02/18 : ajout de performance (MV),,F29 Recording Event\nM29 Editing Event,recording\nediting\nperformance,réalisateur artistique (son)\n,producer (sound),,produttore discografico,,"Agent dont le rôle consiste à contrôler les sessions d'enregistrement, à accompagner et guider les artistes dans leur interprétation et à superviser les enregistrements, le mixage audio et le mastering.\nIl est souvent confondu, à cause de l'anglicisme ""record producer"" avec le producteur de musique, qui est chargé de la partie économique et marketing dans l'industrie musicale \n(wikipedia, modifié).",,,"à qualifier ; pour les enregistrements sonores, intervervient au niveau du recording et de l'éditing\n",,,,
disc jockey,18/10/2017 : ok (à utiliser aussi bien pour un créateur qu'un interprète)\n09/11/2017 : ok\n28/02/2018 : ajout casting dans contexte,,"F28 Expression Creation (liée à F22 Self-Contained Expression de type ""Musique"")\nM28 Individual Performance",musical_work\nperformance\ncasting,DJ,disc jockey ,DJ,,,"Agent qui produit une œuvre originale en sélectionnant, diffusant et mixant des matériaux musicaux enregistrés. (Wikipédia, modifié) ",,Fonction utilisée aussi bien en F28 qu'en F31,,,,"Personne qui produit une œuvre originale à partir de matériaux \nmusicaux existants. Le juste mélange des musiques diffusées, leur arrangement en live demandent une créativité certaine, et peut donc être considéré comme un art, qui diffère un peu de celui des musiciens. (Wikipedia modifié)\n\nOK",
éclairagiste,"18/10/2017 : ok\n09/11/2017 : uniquement F28 en contexte""\n16/02/2018 : ajout d'une traduction anglaise et modification de la définition\n",,"F28 Expression Creation (liée à F22 Self-Contained Expression de type ""éclairage"")",creative_work,,lighting designer,,progettista dell'illuminazione,,Agent qui crée une atmosphère lumineuse pour un spectacle. ,,,,,,,
illustrateur,13/06/2018  :création,,F24 Publication Expression,publication,,illustrator,,,,"Agent spécialisé dans l’illustration, c’est-à-dire la représentation graphique (dessin, figure, image, photographie) généralement exécutée pour accompagner un texte afin de le rendre plus compréhensible, plus attrayant et de compléter l’information qu’il apporte. (CNRTL, modifié)",,,,,,,
imitateur,30/10/2017 : ok (à revoir)\n16/02/2018 : modification de la définition (MV - CC)\n28/02/2018 : ajout casting dans contexte,,M28 Individual Performance,performance\ncasting,,imitator,,imitatore,,"Agent qui imite le comportement, les \ngestes, les paroles d'autrui dans le cadre d'un spectacle. \n(Centre National de Ressources Textuelles \net Lexicales CNRTL, modifié) ",,,,,,,
interprète,18/10/2017 : ok\n10/11/2017 (CC) : remplacer interprète par exécutant ?,,M28 Individual Performance,performance\n,,performer,,interprete,,"Agent contribuant à une interprétation d'une oeuvre en exécutant de la musique, en jouant, en dansant, en parlant, etc. souvent dans une représentation musicale ou dramatique, etc. (RDA, modifié) ",Ne pas utilser dans la distribution : préférer une fonction ou un M14 Medium of Performance plus spécifique. ,,A n'utiliser que si le M14 Medium of Performance (ou une fonction plus précise comme chanteur) est inconnu,,,,
jongleur,09/11/2017 : à intégrer (IAML)\n16/02/2018 : définition modifiée (MV - CC)\n28/02/2018 : ajout casting dans contexte,,M28 Individual Performance,performance\ncasting,,juggler,,giocoliere,,"Agent qui lance en l'air divers objets qu'il reçoit et relance alternativement en entrecroisant leur trajectoire. \n(Le Petit Robert, modifié)",,,,,,,
metteur en scène,"18/10/2017 : ok\n09/11/2017 : uniquement F28 en contexte""",,"F28 Expression Creation (liée à F22 Self-Contained Expression de type ""mise en scène"")",creative_work,,stage director,,regista teatrale\n,,"Agent qui dirige la mise en scène d’une œuvre dramatique (théâtre, opéra).\n(Z 44-065 Catalogage des vidéogrammes, septembre 1998)\n\n",,"UNIMARC : Personne responsable de la direction générale de l’œuvre ou qui a supervisé la production de\nl’exécution de l’œuvre sur scène, à l’écran, ou sous forme d’enregistrement sonore.\nEMPLOYÉ POUR : Metteur en scène\n Réalisateur ",,,,,
mime,09/11/2017 : à intégrer (IAML)\n16/02/2018 : modification de la définition et de la traduction anglaise (MV - CC)\n28/02/2018 : ajout casting dans contexte,,M28 Individual Performance,performance\ncasting,,mime,,mimo,,"Agent qui s'exprime par le geste, la danse, la mimique, sans recourir à la parole. ", ,,,,,,
monteur (images animées),10/11/17 : OK\n16/02/2018 : modification de la traduction anglaise,,M29 Editing,editing,,film editor,,montatore,,"Agent responsable de l’assemblage, de l’organisation et du découpage de films, de vidéos ou d’autres formats d’images animées, aspects visuels et sonores compris. (RDA, modifié) ",,,,,,,editor (moving image work
monteur (son),ajout par MV le 08/02/18\n16/02/2018 : modification de la traduction anglaise,,M29 Editing,editing,,sound editor,,montatore audio,,Agent responsable de l'organisation d'éléments sonores.,,,,,,,
musicien (créateur) ,29/11/2017 : ok\n28/02/2018 : ajout de performance dans le contexte,,"F28 Expression Creation (lié à une F22 Self-Contained Expression de type"" Musique"")\nM28 Individual Performance",musical_work\nperformance,,musician (creator),,musicista (autore),,Agent qui compose ou arrange une oeuvre musicale.,,,,,,,
       > compositeur  ,"18/10/2017 : ok\n09/11/2017 : uniquement F28 en contexte""\n28/02/2018 : ajout de performance dans le contexte",,"F28 Expression Creation (lié à une F22 Self-Contained Expression de type"" Musique"")\nM28 Individual Performance",musical_work\nperformance,,composer,,compositore,,Agent qui crée une œuvre musicale originale. ,,,,,,,
           >> compositeur de la cadence,"18/10/2017 : ok\n09/11/2017 : uniquement F28 en contexte""\n28/02/2018 : ajout de performance dans le contexte",,"F28 Expression Creation (lié à une F22 Self-Contained Expression de type"" Musique"")\nM28 Individual Performance",musical_work\nperformance,,composer of cadenza,,compositore della cadenza,,"Agent qui écrit, à l'emplacement prévu par le compositeur, un passage de bravoure pendant lequel un soliste joue ou chante seul.",,,OK,,,,
            >> réalisateur de la basse continue,"18/10/2017 : ok\n09/11/2017 : uniquement F28 en contexte""",,"F28 Expression Creation (lié à une F22 Self-Contained Expression de type"" Musique"")\nM28 Individual Performance",musical_work\nperformance,,composer of basso continuo,,autore del basso continuo,,"Agent qui réalise un développement d’une partie de basse continue, chiffrée ou non.\n",,,OK,,,,
       > arrangeur,09/11/2017 : ok,,"F28 Expression Creation (lié à une F22 Self-Contained Expression de type"" Musique"")",musical_work,,arranger \nmusic arranger,,arrangiatore,,"Agent responsable de la version d’une œuvre musicale par additions, suppressions, ou changements dans l’écriture. Les transpositions d'une tonalité à une autre doivent être considérées comme des arrangements.\n(Z 44-079, complétée) ",,,"Personne qui transcrit une composition musicale, généralement pour en modifier l’instrumentation; dans un arrangement l’idée musicale n’est pas fondamentalement altérée. (UNIMARC)",,,,
           >> créateur de la fantaisie musicale,10/11/17 : OK,,"F28 Expression Creation (lié à une F22 Self-Contained Expression de type"" Musique"")",musical_work,,creator of musical fantasy ,,autore della fantasia musicale,,"Agent qui crée une fantaisie musicale, morceau de forme libre, parfois très proche de l'improvisation, dans laquelle le créateur donne libre cours à son imagination\n(Siron, modifié)",,,,,,,
          >>  créateur  de la paraphrase musicale,10/11/17 : OK,,"F28 Expression Creation (lié à une F22 Self-Contained Expression de type"" Musique"")",musical_work,,creator of musical paraphrase ,,autore della parafrasi musicale,,"Agent qui crée une paraphrase musicale, composition libre à partir d'un texte musical préexistant.\n(Encyclopédie de la musique, Paris, Librairie générale française, 1992, modifiée)",,,,,,,
          >> créateur de la réminiscence musicale,10/11/17 : OK,,"F28 Expression Creation (lié à une F22 Self-Contained Expression de type"" Musique"")",musical_work,,creator of musical reminiscence ,,autore della riminiscenza musicale,,"Agent qui crée une réminiscence, partie d'une oeuvre qui évoque plus ou moins un autre morceau, sans être du plagiat.\n(Siron, Jacques, Dictionnaire des mots de la musique. Paris, Outre mesure, 2002 modifié) ",,,,,,,
          >> créateur  de la variation musicale,10/11/17 : OK,,"F28 Expression Creation (lié à une F22 Self-Contained Expression de type"" Musique"")",musical_work,,creator of musical variation ,,autore della variazione musicale,,"Agent qui crée une variation musicale, c'est-à-dire qui transforme un élément thématique de base à l'aide de procédés variés.\n(Encyclopédie de la musique. Paris, Librairie générale française, 1992, modifié)",,,,,,,
          >>  créateur du pot-pourri musical,10/11/17 : OK,,"F28 Expression Creation (lié à une F22 Self-Contained Expression de type"" Musique"")",musical_work,,creator of musical medley ,,autore del medley,,"Agent qui crée un pot-pourri, pièce composée d'une succession de mélodies, entières ou fragmentées, qui ne sont pas habituellement destinées à être jouées ensemble et qui sont souvent reliées par des passages modulants.\n(Siron, Jacques, Dictionnaire des mots de la musique. Paris, Outre mesure, 2002, modifié) ",,,,,,,
          >> harmonisateur,09/11/2017 : ok\n22/12/2017 :Traduction anglaise ajoutée (FL et FP)\n16/02/2018 : revoir la traduction anglaise ?\n05/06/18 : modification de la traduction (MV),,"F28 Expression Creation (lié à une F22 Self-Contained Expression de type"" Musique"")",musical_work,,creator of musical harmonization,,autore dell'armonizzazione,,"Agent qui réalise l’adjonction d’accords ou de parties harmoniques à une mélodie.\n(Norme NF Z 44-079, modifiée) ",,,,,,,
          >> notateur de la transposition,10/11/2017\n22/12/2017 :Traduction anglaise ajoutée (FL et FP)\n16/02/2018 : revoir la traduction anglaise ?  \n05/06/18 : modification de la traduction (MV),,"F28 Expression Creation (lié à une F22 Self-Contained Expression de type"" Musique"")",musical_work,,creator of musical transposition,,autore della trasposizione,,"Agent qui modifie l'ensemble des hauteurs d'une oeuvre musicale en les déplaçant, vers le haut ou vers le bas, par addition ou soustraction d'un intervalle constant.\n(Siron, Jacques, Dictionnaire des mots de la musique. Paris, Outre mesure, 2002, modifié) ",,,,,,,
          >> orchestrateur,09/11/2017 : ok,,"F28 Expression Creation (lié à une F22 Self-Contained Expression de type"" Musique"")",musical_work,,orchestrator,,orchestratore,,"Agent qui réalise une transcription pour orchestre d’une œuvre non écrite originalement pour celui-ci.\n(Norme NF Z 44-079, modifiée) ",,,,,,,
          >> reconstructeur,09/11/2017 : ok\n22/12/2017 : Traduction anglaise ajoutée (FL et FP,,"F28 Expression Creation (lié à une F22 Self-Contained Expression de type"" Musique"")",musical_work,,creator of musical reconstruction,,autore della ricostruzione artistica,,Agent qui reconstruit une œuvre perdue ou inachevée.,,,,OK c'est un créateur,,,
          >> créateur de la réduction musicale,"09/11/2017 : ok\n22/12/2017 : ""réducteur"" remplacé par ""créateur de la réduction musicale""  et traduction anglaise ajoutée.",,"F28 Expression Creation (lié à une F22 Self-Contained Expression de type"" Musique"")",musical_work,,creator of musical reduction,,curatore della riduzione musicale,,"Agent qui réalise la contraction d’une oeuvre musicale conçue pour plusieurs instruments ou voix, à un plus petit nombre de parties.\n(Siron, Jacques, Dictionnaire des mots de la musique. Paris, Outre mesure, 2002, modiifié)",,,,,,,
          >> réviseur (musique),22/12/2017 : validé par FL et FP,,"F28 Expression Creation (lié à une F22 Self-Contained Expression de type"" Musique"")",musical_work,,creator of musical revision,,autore della revisione artistica,,"Agent qui adapte une partition ancienne aux conventions modernes.\n(Siron, Jacques, Dictionnaire des mots de la musique. Paris, Outre mesure, 2002, modifié)",,,,,,,
          >> transcripteur,09/11/2017 : OK,,"F28 Expression Creation (lié à une F22 Self-Contained Expression de type"" Musique"")",musical_work,,transcriber,,autore della trascrizione,,Agent qui arrange une œuvre musicale pour un autre instrument ou voix.,"Pour les transcriptions qui réduisent le nombre d'instruments, préférer la fonction réducteur.\nPour les transcriptions pour orchestre, préférer la fonction orchestrateur.",,,,,,
musicien (interprète),ajout par MV le 08/02/18\n28/02/2018 : ajout casting dans contexte,,M28 Individual Performance,performance\ncasting,,musician (performer),,musicista (interprete),,Agent qui exécute ou dirige de la musique.,,,,,,,
musicien metteur en ondes,16/02/2018 : modification de la définition\n14/06/2018 : il est décidé de ne pas traduire ce terme,,F29 Recording Event\nM29 Editing Event,recording\nediting,,,,,,"Agent chargé de la direction artistique des productions musicales enregistrées, en accord avec le chef d'orchestre et les musiciens et en lien avec l'équipe technique, que ce soit pour des concerts diffusés à la radio ou pour des enregistrements discographiques. (Radio France, modifié)",,,,,,,
narrateur,30/10/2017 : ok\n28/02/2018 : ajout casting dans contexte,,M28 Individual Performance,performance\ncasting,lecteur ,narrator,,narratore,,"Agent lisant à voix haute ou\nrendant compte d’une action, d’une situation, du déroulement des événements, etc. (RDA, modifié)","Si elle est incorporée à la distribution d'une oeuvre musicale, la mention de cette fonction est un raccourci pour l'exécution d'une oeuvre de spectacle vivant dont l'expression ainsi créée est incorporée à l'expression exécutée de l'oeuvre musicale",,"Le M14 Medium of Performance ""voix parlée"" a  une définition plus large. Dans le cadre d'un mapping, préciser ""narrateur"" en fonction et ""voix parlée""  (ou une tessiture) en M14 Medium of Performance. ""Récitant"" est considéré comme un personnage (character). ",,,,
notateur du mouvement ,"18/10/2017 : ok\n09/11/2017 : uniquement F28 en contexte""\n29/12/2017 : précision de l'intitulé, ajout d'une variante et d'une traduction anglaise, propositions de nouvelle définition\n16/02/2018 : modification de la définition (VM et CC) --> faut-il le relier à la F22 ? Il transcrit uniquement l'oeuvre",,F28 Expression Creation (lié à F22 Self-Contained Expression),creative_work,choréologue,dance notator  \n,,annotatore del movimento,coreologo,"Agent qui retranscrit à l'aide d'un système \nconventionnel les pas, les mouvements et les figures d'une œuvre \nchorégraphique. \n(Office québécois de la langue française, modifié)",,BnF : il est responsable de la création d'une Expression de mouvement noté ; il n'a pas à figurer avec la performance,,,,,"transcripteur d'une œuvre chorégraphique Personne chargée de la mise par écrit des chorégraphies et par là même, de leur analyse et de leur reconstruction, en association avec la transmission orale et le support vidéo. (Répertoire National des Certifications Professionnelles (RNCP) modifié) Technicien du spectacle qui retranscrit à l'aide d'un système conventionnel les pas, les mouvements et les figures d'une œuvre chorégraphique. (Office québécois de la langue française"
parodiste,"10/11/2017\n29/12/2017 : ajout d'une traduction anglaise, proposition de nouvelle définition\n16/02/2018 : modification de la définition (MV - CC)",,F28 Expression Creation (lié à F22 Self-Contained Expression),creative_work\nmusical_work,,parodist,,parodista,,"Agent qui compose ou écrit une parodie \n(Centre National de Ressources Textuelles et Lexicales CNRTL, modifié)","Pour les agents interprétant une parodie, leur donner la fonction d'interprète.",,,,,,
peintre,"18/10/2017 : ok\n09/11/2017 : ok\n29/12/2017 : ajout d'une traduction anglaise, proposition de nouvelle définition\n16/02/2018 : modif de la definition (MV-CC)\n28/02/2018 : ajout du casting dans le contexte et ajout de la scopenote",,"F28 Expression Creation (lié à F22 Self-Contained Expression de type ""oeuvre graphique"")\nM28 Individual Performance (dans le cadre d'une improvisation)",creative_work\nperformance\ncasting,,painter,,pittore,,Agent responsable de la création d'une oeuvre picturale. ,"Si elle est incorporée à la distribution d'une oeuvre musicale, la mention de cette fonction est un raccourci pour l'exécution d'une oeuvre picturale dont l'expression ainsi créée est incorporée à l'expression exécutée de l'oeuvre musicale.",,Peut être utilisé en performance si un dessin est créé sur scène,,,,"Personne, artiste qui fait de la peinture (d'après Le petit Robert 2012) Personne responsable de la création de peintures (d'après RDA pour les créateurs)"
photographe,18/10/2017 : ok\n09/11/2017 : ok\n16/02/2018 : modif de la definition (MV-CC)\n28/02/2018 : ajout du casting dans le contexte et ajout de la scopenote,,"F28 Expression Creation (lié à F22 Self-Contained Expression de type ""oeuvre graphique"")\nM28 Individual Performance (dans le cadre d'une improvisation)",creative_work\nperformance\ncasting,,photographer,,fotografo,,Agent responsable de la création d’une oeuvre photographique,"Si elle est incorporée à la distribution d'une oeuvre musicale, la mention de cette fonction est un raccourci pour l'exécution d'une oeuvre photographique dont l'expression ainsi créée est incorporée à l'expression exécutée de  l'oeuvre musicale",,"Peut être utilisé en performance si une oeuvre est créée sur scène, lors de la représentation",,,,
présentateur dans un spectacle,30/10/2017 : ok\n16/02/2018 : modification de la définition (MV - CC)\n,,M28 Individual Performance,performance,animateur,presenter,,presentatore,conduttore,Agent apparaissant dans un spectacle pour fournir de l’information contextuelle ou complémentaire. ,,,,,,,
producteur (enregistrement phonographique),30/10/2017 : ok\n29/12/2017 : FL et FP : ajout d'un équivalent anglais (d'après RDA) \n16/02/2018 : modif de la def (VM - CC)\n09/05/2018 : un producteur de phonogrammes est le plus souvent une collectivité ! (FL et FP)  ,,F29 Recording Event \nM29 Editing Event,recording\nediting,Producteur de phonogramme,audio producer ,,produttore (registrazione audio),,"Agent qui, le premier, fixe les sons provenant d'une exécution ou d'autres sons. (Convention de Rome (article 3c) et Convention de Genève (article 1b), modifié)",,,[ Correspond à la date P sur les enregistrements ],,,,
producteur (enregistrement vidéographique),28/12/2017 : ajout CC\n29/12/2017 : FL et FP : ajout d'un équivalent anglais (d'après RDA) et d'une définition\net changement de l'intitulé \n16/02/2018 : modif de la def (VM - CC)\n09/05/2018 : un producteur de vidéogrammes est le plus souvent une collectivité (FL et FP)  ,,F29 Recording Event \nM29 Editing Event,"recording
\nediting",producteur de vidéogramme,video producer,,produttore (registrazione video),,"Agent qui a l'initiative et la responsabilité de la première fixation d'une \nséquence d'images sonorisée ou non. (Légifrance, modifié) \n  ",,,,,,,
producteur (radio),"30/10/2017 : ok\n08/11/2017 (CC) : hiérarchiser sous ""contributeur"" ?\n09/11/2017 (Réunion) : sous contributeur\n09/11/2017 : supprimer producteur télé\n16/02/2018 : modif de la définition (MV - CC)",,"F28 Expression Creation (lié à F22 Self-Contained Expression de type ""émission de radio"")\nF29 Recording Event \nM29 Editing Event",creative_work\nrecording\nediting,,radio producer,,produttore radiofonico,,"Agent qui conçoit une émission de radio, supervise et accompagne généralement sa réalisation. \n",,"Définition BnF : en télévision, personne physique qui conçoit une émission et supervise ou accompagne généralement sa réalisation. Longtemps, il s’est appelé producteur délégué ; aujourd’hui il est désigné sous le terme de producteur artistique. La mention de responsabilité peut apparaître dans le générique sous la forme : émission de, conçu par, producteur, producteur délégué, producteur artistique. Au cinéma, personne physique qui assume, du point de vue administratif et financier, la responsabilité de bonne fin d’un film. Dans les faits, le rôle du producteur artistique est plus large et peut comprendre des aspects de responsabilité intellectuelle. Note : lorsque le producteur est une personne morale, il ne peut s’agir que d’une responsabilité commerciale. Il arrive que la personne morale soit représentée par une personne physique. Dans ce cas, il ne faut pas confondre cette mention de responsabilité commerciale avec celle de responsabilité intellectuelle (en anglais : producer) (Z 44-065 Catalogage des vidéogrammes, septembre 1998) ; personne ou collectivité ayant la responsabilité financière et/ou administrative des processus physiques d’élaboration d’une ressource électronique. Il a des fonctions différentes selon le secteur d’activité. Voir aussi : Éditeur (Z 44-082 Catalogage des ressources électroniques, août 1999)\n\nÀ ne pas confondre avec 3150 (rôle dans la fixation du contenu).\n",,,,,"Personne responsable de la majeure partie des aspects financiers, techniques et artistiques d'une émission de radio (RDA)"
producteur (spectacle),30/10/2017 : ok\n29/12/2017 : FL et FP : ajout d'un équivalent anglais (d'après RDA)\n16/02/2018 : modif de la traduction anglaise,,F31 Performance,performance,,producer (show),,produttore (spettacolo),,"Agent responsable de la majeure partie des aspects financiers, techniques et artistiques de la production d'un spectacle, d'un concert, etc. Le producteur est généralement responsable d'assurer le financement, de gérer la production, de recruter le personnel clé, d'organiser la distribution, etc.(RDA, modifié)",,,,,,,
programmeur (informatique musicale),28/02/2018 : création de la fonction,,"F28 Expression Creation (lié à F22 Self-Contained Expression de type ""musique"")\nM28 Individual Performance\nM6 Casting",musical_work\nperformance\ncasting,,programmer (music computing),,,,"Agent qui a une fonction de création sonore par le biais de la programmation d'un dispositif  électronique ou informatique (boîte à rythme, sampler, etc.)",,,,,,,
réalisateur,"18/10/2017 : ok\n09/11/2017 : uniquement F28 en contexte""\n29/12/2017 : FL et FP : ajout d'un équivalent anglais (d'après RDA)",,F28 Expression Creation (lié à F22 Self-Contained Expression)\nF29 Recording Event\nM29 Editing,creative_work\nrecording\nediting,,director,,regista,,"Agent responsable de la gestion et de la supervision générales d'une prestation filmée, d'une émission de radio ou de télévision, etc. (RDA, modifié)",,,,,,,
      > réalisateur de films,"09/11/2017 : uniquement F28 en contexte""\n29/12/2017 : FL et FP : ajout d'un équivalent anglais (d'après RDA)",,"F28 Expression Creation (lié à F22 Self-Contained Expression de type ""oeuvre cinématographique"")",creative_work\nrecording\nediting,,film director,,regista cinematografico,,Réalisateur responsable de la gestion et de la supervision générales d'une prestation filmée (RDA),,,,,,,
      > réalisateur d'émissions de radio,"09/11/2017 : uniquement F28 en contexte""\n29/12/2017 : FL et FP : ajout d'un équivalent anglais (d'après RDA)",,"F28 Expression Creation (lié à F22 Self-Contained Expression de type ""émission de radio"")\nF29 Recording Event\nM29 Editing",creative_work\nrecording\nediting,,radio director,,regista radiofonico,,Réalisateur responsable de la gestion et de la supervision générales d'une émission de radio (RDA),,,,,,,
remixeur,09/11/2017 : ok\n31/05/2017 : pourquoi pas aussi recording + editing en colonne E ? (FL + FP\n05/06/18 : rajout des collections recording et editing (MV),,"F28 Expression Creation (lié à F22 Self-Contained Expression de type ""musique"")\nF29 Recording Event\nM29 Editing",musical_work\nrecording\nediting,,remixer,,curatore del missaggio,curatore del mixaggio,"Agent qui utilise le mixage audio pour réaliser un autre enregistrement d’un morceau de musique, par addition ou soustraction d’éléments, ou par simple changement de l’égalisation, de la dynamique, de la vitesse, du tempo, de la durée ou de quasiment toute autre composante musicale. \n(Wikipédia, modifié)",,,,,,,
scénographe,"18/10/2017 : ok\n09/11/2017 : uniquement F28 en contexte""\n29/12/2017 : FL et FP : ajout d'un équivalent anglais  et d'une définition (Office québécois de la langue française) \n16/02/2018 : changement de la traduction anglaise (MV - CC --> dictionnaire bilingue du spectacle)",,"F28 Expression Creation (lié à F22 Self-Contained Expression de type ""mise en scène"")",creative_work,,scenographer,,scenografo,,"Agent qui conçoit les esquisses et les maquettes qui serviront à la \ncréation des décors et de l'espace scénique, elle collabore avec le \nconcepteur de costumes et fait les recherches nécessaires pour recréer \nune époque ou l'ambiance souhaitée par le metteur en scène. (Office québécois de la langue française, modifié) \n                                                 ",,,(rajout MV le 17/05/17),,,,
technicien du son,16/02/2018 : modification de la traduction et de la définition (MV - CC),,F29 Recording Event\nM29 Editing Event\nF31 Performance,"recording
\nediting\nperformance",,sound technician,,tecnico del suono,,Tout agent prenant part à la mise en place d'un dispositif technique dédié au son.,,,\nEMPLOYÉ POUR : Preneur de son / associé au Recordin g event,,,,
   > ingénieur du son,16/02/2018 : modification de la traduction et  de la définition (MV - CC)\n09/05/2018 : F31 dans le contexte est contraire à la définition qui ne parle que d'enregistrement (FL et FP,,F29 Recording Event\nM29 Editing Event\nF31 Performance,recording\nediting\nperformance,directeur du son\nchef opérateur,sound engineer,,ingegnere del suono,,"Agent chargé de la qualité du son produit pour une réalisation audiovisuelle, un album de musique, un concert ou un spectacle (ONISEP, modifié)\n\n \n",,,,,,"Personne qui supervise les aspects techniques d’une session d’enregistrement sonore ou vidéo.\n(UNIMARC)\nPersonne responsable des aspects techniques sonores d'un évènement (spectacle, concerts, conférence...), d'un enregistrement ou de la diffusion d'une émission de radio ou de télévision.
\n",
   > preneur de son,16/02/2018 : ajout de la traduction et ajout F31 dans le contexte  (MV - CC)\n09/05/2018 : même remarque que pour l'ingénieur du son (FL et FP,,F29 Recording Event\nF31 Performance,recording\nperformance,prise de son,sound operator,,fonico,,"Agent chargé de l'ensemble des procédés et des réglages destinés à capter des sources sonores disposées dans l'espace à l'aide d'appareils électroacoustiques (choix et placement des microphones, consoles de mixage, etc.) que ce soit dans le cadre d’une représentation/exécution comme dans celui d’un enregistrement (Dictionnaire des mots de la musique, Jacques Siron, modifié)",,,,,,,
   > mixage,29/12/2017 : FL et FP : ajout d'un équivalent anglais  et d'une définition,,F29 Recording Event\nM29 Editing Event,recording\nediting\nperformance,mixeur,mixing,,missaggio,mixaggio,"Agent qui effectue l’opération technique et artistique par laquelle un certain nombre de sources sonores sont mélangées afin de parvenir à un équilibre cohérent, en intervenant sur le niveau, l'égaliseur, la dynamique et la spatialisation. Le mixage se réalise en studio pour le film et la musique enregistrée, et en régie pour un événement en direct tel un concert. (Wikipédia, modifié)",,,,,,,
    > sonorisateur,18/10/2017 : ok\n09/11/2017 : ok\n16/02/2018 : modification de la définition (MV - CC)\n28/02/2018 : revoir la traduction anglaise\n31/05/2018 : proposition FL + FP d'après un site anglais sur les carrières du son,,F31 Performance,performance\nperformance plan,,sound engineering technician,,,,"Agent qui prépare, en étroite collaboration avec le régisseur son, l'installation du matériel et l'acoustique de la salle.",,,,,,,
traducteur,09/11/2017 : OK\n10/11/22017 (CC) : sous auteur du texte ?,,F28 Expression Creation (lié à F22 Self-Contained Expression),creative_work,,translator,,traduttore,,"Agent qui traduit d’une langue dans une autre, ou d’un état ancien d’une langue vers son état moderne, en suivant de plus ou moins près l’original. (UNIMARC, modifié) ",,,,,,,
vidéaste,18/10/2017 : ok\n09/11/2017 : ok\n29/12/2017 : FL et FP : ajout d'un équivalent anglais  et d'une proposition de nouvelle définition\n16/02/2018 : modification de la déf et de la trad (MV - CC)\n28/02/2018 : ajout du casting dans le contexte et ajout de la scopenote,,"F28 Expression Creation (lié à F22 Self-Contained Expression de type ""oeuvre audiovisuelle"")\nM28 Individual Performance (dans le cas d'une improvisation)",creative_work\nperformance\ncasting,,video designer,,,,"Agent qui exerce une activité créatrice ou technique en rapport avec la vidéo. \n(Le Petit Robert, 2003. Modifié)","Si elle est incorporée à la distribution d'une oeuvre musicale, la mention de cette fonction est un raccourci pour l'exécution d'une oeuvre audiovisuelle dont l'expression ainsi créée est incorporée à l'expression exécutée de l'oeuvre musicale",,"Peut être utilisé en performance si une oeuvre est créée sur scène, lors de la représentation",,,,"Auteur ou réalisateur qui enregistre des images en vidéo, tourne des films en vidéo (Larousse en ligne)
\nCinéaste qui utilise une caméra vidéo.Cette activité regroupe des pratiques très différentes, du cinéaste professionnel qui emploie les techniques de la vidéo numérique au plasticien d'avant-garde en passant par l'amateur qui cherche à doter ses films privés d'une rigueur technique et esthétique.(Wikipédia modifié"
directeur de publication,28/02/2018 : ajout du terme. Définition à fournir par Françoise,,F28 Expression Creation (lié à F22 Self-Contained Expression),creative_work\npublication,,publishing director,editorial director,direttore editoriale,,"Agent qui préside à l'élaboration d'une oeuvre collective (le plus souvent une oeuvre agrégative) pour en assurer la cohérence ou la continuité. (Norme Z 44-059, modifiée).",,,,,,,
éditeur scientifique,28/02/2018 : ajout du terme. Définition à fournir par Françoise,,F28 Expression Creation (lié à F22 Self-Contained Expression),creative_work\npublication,éditeur intellectuel,editor,,curatore editoriale,,"Agent qui prépare la publication d’une œuvre dont il n’est pas l’auteur. Le travail éditorial peut être d’ordre purement technique ou intellectuel. (UNIMARC, modifié).",,,,,,,
programmateur artistique,12/03/2018 : ajout du terme\n12/06/2018 : modification de la définition,,F28 Expression Creation (lié à F22 Self-Contained Expression),programming_work\ncreative_work,,"
\nartistic programmer",artists and repertoire coordinator,,,"Agent qui définit les caractéristiques artistiques, choisit, construit et coordonne l’ensemble de l’offre culturelle pour une programmation artistique (festival, cycle ponctuel d'évènements, saison artistique d'une salle de spectacle, etc.) . (Apec, modifié)",,,,,,,
éditeur,,,F30 Publication Event (lié à F24 Publication Expression),publication,,publisher,,editore,,"Agent responsable de la publication, de la mise à disposition ou de l’émission d’une ressource. (RDA-FR, modifié).",,,,,,,
imprimeur,,,F3 Manifestation Product Type,publication,,printer,,tipografo,,Agent responsable de l'impression d'une ressource. ,"S'applique notamment aux ressources textuelles, de musique notée ou d'image fixe.",,,,,,
fabricant,,,F3 Manifestation Product Type,publication,,manufacturer,,fabbricante,,"Agent responsable de l’impression, du moulage, de la gravure, du pressage, du tirage, etc. d’une ressource. (RDA-FR, modifié).",,,,,,,
