<http://data.doremus.org/performance/f658dda1-9b5e-3be4-8be1-042b780b3955>;15332.ttl;Les MaÃ®tres du Motet franÃ§ais;19/05/2016;SimilaritÃ© :0.428
<http://data.doremus.org/performance/4c628753-51a9-3ff8-8974-be39fbd50bab>;1049486.ttl;Orchestre de Paris, Daniel Harding;19/05/2016;
;;;;
<http://data.doremus.org/performance/15f26ffb-83e6-3c23-a7a2-93ed5a425ce1>;13532.ttl;Christophe Rousset;20/03/2014;SimilaritÃ© :0.409
<http://data.doremus.org/performance/d39a39a8-6c3e-33ac-854c-b14eb4d3174f>;1015035.ttl;Johann Sebastian Bach. Les TempÃ©raments;20/03/2014;
;;;;
<http://data.doremus.org/performance/04a26bb6-33da-3680-83e9-a1402a39581b>;15277.ttl;Le Sacre du printemps;08/04/2016;SimilaritÃ© :0.544
<http://data.doremus.org/performance/abf14b13-6240-3a96-9496-ed1cc11187e2>;1049476.ttl;Le Sacre du printemps. Orchestre national d+ÃŽle-de-France, Enrique Mazzola;08/04/2016;
;;;;
<http://data.doremus.org/performance/7981fd0d-8267-32f7-bea8-9e06b387271a>;14058.ttl;Concert d'ouverture du ChÅ“ur de l'Orchestre de Paris;17/01/2015;SimilaritÃ© :0.4425
<http://data.doremus.org/performance/191db78e-9a5f-3224-8226-28e047f4de22>;1029402.ttl;Week-end Portes ouvertes. Ouvrez !;17/01/2015;
;;;;
<http://data.doremus.org/performance/458f57db-3d73-348d-9eba-4e6cb9d4e81b>;14065.ttl;Rising Stars : Quatuor Ardeo;25/01/2015;SimilaritÃ© :0.422
<http://data.doremus.org/performance/7a4869d6-01a6-3288-af89-8e5a90938b5d>;1029290.ttl;Gustavo Dudamel 2;25/01/2015;
;;;;
<http://data.doremus.org/performance/c2aeca1a-6e1e-3358-a353-8f1c98c96a0a>;14091.ttl;Madrigaux guerriers;20/04/2015;SimilaritÃ© :0.6575
<http://data.doremus.org/performance/97e99afd-42e7-3c3a-9b45-f768f7f6a986>;1033095.ttl;Madrigaux guerriers. Paul Agnew, Les Arts Florissants;20/04/2015;
;;;;
<http://data.doremus.org/performance/4d637107-9290-348d-94ca-154454177fd4>;13511.ttl;BÃ©atrice Martin;13/03/2014;SimilaritÃ© :0.41950000000000004
<http://data.doremus.org/performance/5c1a2b6d-2d0c-3f4f-87ad-fa7536eea695>;1014849.ttl;Johann Sebastian Bach. Les TempÃ©raments;13/03/2014;
;;;;
<http://data.doremus.org/performance/4d637107-9290-348d-94ca-154454177fd4>;13511.ttl;BÃ©atrice Martin;13/03/2014;SimilaritÃ© :0.41950000000000004
<http://data.doremus.org/performance/b6d85666-dfa7-3b95-9843-691118f041a1>;1014848.ttl;Johann Sebastian Bach. Les TempÃ©raments;13/03/2014;
;;;;
<http://data.doremus.org/performance/84004a8a-7907-3d68-8154-c598efb6ee33>;14515.ttl;Solistes de l'ensemble intercontemporain;17/01/2015;SimilaritÃ© :0.4135
<http://data.doremus.org/performance/e450d47e-6d9c-3078-a00a-ca8e035d9724>;1029397.ttl;Week-end Portes ouvertes. Concert d'ouverture du Choeur de l'Orchestre de Paris;17/01/2015;
;;;;
<http://data.doremus.org/performance/8f5ad1f2-a538-3df2-9b1a-a676f47aab63>;14083.ttl;Philippe DecouflÃ© ;07/03/2015;SimilaritÃ© :0.532
<http://data.doremus.org/performance/143da8c1-e5ba-316b-9e03-2f9cc368797b>;1031208.ttl;Week-end David Bowie. Philippe DecouflÃ©. WieBo;07/03/2015;
;;;;
<http://data.doremus.org/performance/5cd06f80-db72-31a5-8032-f6bd8746eb09>;13295.ttl;Menahem Pressler - Quatuor EbÃ¨ne ;07/11/2013;SimilaritÃ© :0.5355000000000001
<http://data.doremus.org/performance/43533faf-2ebb-31b7-bf75-1a5912021835>;1010647.ttl;Menahem Pressler, Wu Han, Christoph PrÃ©gardien, Quatuor EbÃ¨ne, Benjamin Berlioz. Concert anniversaire 90 ans de Menahem Pressler;07/11/2013;
;;;;
<http://data.doremus.org/performance/351460f8-5606-3afb-aa76-5f5bb501e2eb>;16303.ttl;Ateliers-Concerts pour les tout-petits;24/01/2016;SimilaritÃ© :0.4305
<http://data.doremus.org/performance/f2d5153c-ef96-3b92-9a69-5ea8fbd950a8>;1046555.ttl;Biennale de quatuors Ã  cordes. Quatuor Modigliani;24/01/2016;
;;;;
<http://data.doremus.org/performance/bc6a6017-c43a-3965-b7af-723795e4c72c>;14033.ttl;Insula Orchestra - Accentus - Laurence Equilbey;11/10/2014;SimilaritÃ© :0.419
<http://data.doremus.org/performance/2243e6b4-5285-3717-bcc6-b22777409c16>;1022328.ttl;Guerre et Paix I. Bataille et victoire;11/10/2014;
;;;;
<http://data.doremus.org/performance/42a85d72-e273-3ba6-9ccf-79e8ddcd44d3>;13148.ttl;Les Arts Florissants;20/12/2013;SimilaritÃ© :0.474
<http://data.doremus.org/performance/bc4ce2da-4a80-380e-9ab3-2f174b8f118f>;1012123.ttl;William Christie, Les Arts Florissants. Airs sÃ©rieux et Ã  boire;20/12/2013;
;;;;
<http://data.doremus.org/performance/17f948eb-bac1-3895-9884-8bb418a6fed5>;13187.ttl;Les Dissonances - David Grimal;25/05/2014;SimilaritÃ© :0.445
<http://data.doremus.org/performance/ed7cd670-e10b-39a7-990d-4dc0fdf470ec>;1017725.ttl;Domaine privÃ© Henri Dutilleux;25/05/2014;
;;;;
<http://data.doremus.org/performance/b38f1b6b-6d5e-3152-b247-eb54d6f9ae23>;17533.ttl;Erik Truffaz Quartet feat. Rokia TraorÃ© / GoGo Penguin;07/09/2016;SimilaritÃ© :0.4945
<http://data.doremus.org/performance/07ed5731-0f0e-3706-be9b-80edb2652110>;1056441.ttl;Jazz Ã  la Villette : GoGo Penguin;07/09/2016;
;;;;
<http://data.doremus.org/performance/56fab284-bcaf-307a-8132-319bbbf21995>;17235.ttl;Orchestre National de Jazz;02/09/2016;SimilaritÃ© :0.603
<http://data.doremus.org/performance/5e86d896-32bf-3f81-908a-1d5683a22a78>;1056243.ttl;Jazz Ã  la Villette : Orchestre National de Jazz : ONJ 30 ans !;02/09/2016;
;;;;
<http://data.doremus.org/performance/6b789b1e-eaf7-36ba-b76f-5835bbb3887c>;14354.ttl;Le Quintette Ã  vent, de Haydn Ã  Cage;07/12/2014;SimilaritÃ© :0.528
<http://data.doremus.org/performance/7e3cd6e7-b734-378b-a9ec-ca7131b0cea7>;1029524.ttl;Concert Ã©ducatif scolaire. Le quintette Ã  vent de Haydn Ã  Cage;07/12/2014;
;;;;
<http://data.doremus.org/performance/501c66a0-0f29-3720-9797-f1789ff2e0d1>;15146.ttl;Magnificat;17/12/2015;SimilaritÃ© :0.623
<http://data.doremus.org/performance/a16810f3-9d74-3d81-a3e8-5159a25c53ed>;1043881.ttl;Magnificat. Thomas Hengelbrock;17/12/2015;
;;;;
<http://data.doremus.org/performance/bf3f6ed4-af3e-34a9-9572-8e64ad68e1b8>;15165.ttl;Gewandhausorchester Leipzig;10/10/2015;SimilaritÃ© :0.43299999999999994
<http://data.doremus.org/performance/02930d8d-adbf-3d1a-ba82-f17772f51951>;1041823.ttl;Week-end Turbulences numÃ©riques. Grand soir;10/10/2015;
;;;;
<http://data.doremus.org/performance/23c859bc-4f73-350f-bcee-0dba95f5fce0>;17522.ttl;Nils Petter Molvaer Quartet / Tigran, Jan Bang, Eivind Aarset & Arve Henriksen (Atmosphere Quartet);09/09/2016;SimilaritÃ© :0.4415
<http://data.doremus.org/performance/7df7e310-e120-3657-b423-0e0f01afc3cd>;1056445.ttl;Staatskapelle Berlin, Daniel Barenboim : Mozart et Bruckner;09/09/2016;
;;;;
<http://data.doremus.org/performance/d6c61131-20e5-3e9b-ac79-9e0753ae6619>;15537.ttl;Quatuor Tetzlaff;23/01/2016;SimilaritÃ© :0.4095
<http://data.doremus.org/performance/f2913927-0a51-3e1c-a936-f575679cb004>;1045778.ttl;Biennale de quatuors Ã  cordes. Quatuor Casals;23/01/2016;
;;;;
<http://data.doremus.org/performance/d6c61131-20e5-3e9b-ac79-9e0753ae6619>;15537.ttl;Quatuor Tetzlaff;23/01/2016;SimilaritÃ© :0.46399999999999997
<http://data.doremus.org/performance/0fe51bd5-f7a0-3216-8eb2-969de856effc>;1045787.ttl;Biennale de quatuors Ã  cordes. Quatuor Tetzlaff;23/01/2016;
;;;;
<http://data.doremus.org/performance/db763977-d15f-31c2-a985-75315f58279c>;13527.ttl;Christine Schornsheim;19/03/2014;SimilaritÃ© :0.45
<http://data.doremus.org/performance/2e72f61c-847d-3138-9dec-5c8f3fc9dd0e>;1015034.ttl;Johann Sebastian Bach. Les TempÃ©raments;19/03/2014;
;;;;
<http://data.doremus.org/performance/db763977-d15f-31c2-a985-75315f58279c>;13527.ttl;Christine Schornsheim;19/03/2014;SimilaritÃ© :0.45
<http://data.doremus.org/performance/7d4d8393-c5a5-39bb-a681-b3f011be5207>;1015033.ttl;Johann Sebastian Bach. Les TempÃ©raments;19/03/2014;
;;;;
<http://data.doremus.org/performance/c2ca1a34-f8c4-3272-9b9b-ae01069cc8c7>;16875.ttl;Beethoven ;17/10/2016;SimilaritÃ© :0.4125
<http://data.doremus.org/performance/1e859655-3d35-3c31-9fb6-53ae21ddc1fe>;1057597.ttl;Martha and Friends;17/10/2016;
;;;;
<http://data.doremus.org/performance/cc7133f6-8c81-3045-908e-2f90972e769e>;14571.ttl;Mulatu Astatke / Hiatus Kaiyote;12/09/2014;SimilaritÃ© :0.478
<http://data.doremus.org/performance/5d131e0c-6c0c-3e28-90e3-bc8c2903f83c>;1021379.ttl;Jazz Ã  la Villette. Mulatu Astatke;12/09/2014;
;;;;
<http://data.doremus.org/performance/115bb8e1-820f-3632-80d3-d3310c73abfe>;15152.ttl;Louis XIV et ses musiques ;05/12/2015;SimilaritÃ© :0.4345
<http://data.doremus.org/performance/95ae98e1-6fd7-3ac6-b265-6c78a3b14205>;1042772.ttl;Week-end Au temps de Louis XIV. Portraits de la cour;05/12/2015;
;;;;
<http://data.doremus.org/performance/6b925e9b-dfc5-353a-9904-fbc1fbe608e7>;13698.ttl;Top chef: le roi de l'orchestre;21/03/2014;SimilaritÃ© :0.41900000000000004
<http://data.doremus.org/performance/08c478e2-5750-3821-9733-e14efc7ad8cd>;1015038.ttl;Johann Sebastian Bach. Les TempÃ©raments;21/03/2014;
;;;;
<http://data.doremus.org/performance/6b925e9b-dfc5-353a-9904-fbc1fbe608e7>;13698.ttl;Top chef: le roi de l'orchestre;21/03/2014;SimilaritÃ© :0.41900000000000004
<http://data.doremus.org/performance/08c478e2-5750-3821-9733-e14efc7ad8cd>;1015038.ttl;Johann Sebastian Bach. Les TempÃ©raments;21/03/2014;
;;;;
<http://data.doremus.org/performance/43134115-8aa4-30f6-b610-6b4467b273d7>;13382.ttl;Orchestre de Paris - Marek Janowski - Anja Harteros;13/03/2014;SimilaritÃ© :0.465
<http://data.doremus.org/performance/5c1a2b6d-2d0c-3f4f-87ad-fa7536eea695>;1014849.ttl;Johann Sebastian Bach. Les TempÃ©raments;13/03/2014;
;;;;
<http://data.doremus.org/performance/43134115-8aa4-30f6-b610-6b4467b273d7>;13382.ttl;Orchestre de Paris - Marek Janowski - Anja Harteros;13/03/2014;SimilaritÃ© :0.465
<http://data.doremus.org/performance/b6d85666-dfa7-3b95-9843-691118f041a1>;1014848.ttl;Johann Sebastian Bach. Les TempÃ©raments;13/03/2014;
;;;;
<http://data.doremus.org/performance/43134115-8aa4-30f6-b610-6b4467b273d7>;13382.ttl;Orchestre de Paris - Marek Janowski - Anja Harteros;12/03/2014;SimilaritÃ© :0.465
<http://data.doremus.org/performance/94006dc3-70f2-348e-8686-4d2eeb5e0742>;1014839.ttl;Johann Sebastian Bach. Les TempÃ©raments;12/03/2014;
;;;;
<http://data.doremus.org/performance/43134115-8aa4-30f6-b610-6b4467b273d7>;13382.ttl;Orchestre de Paris - Marek Janowski - Anja Harteros;12/03/2014;SimilaritÃ© :0.465
<http://data.doremus.org/performance/1722099d-8cda-3b1e-8d49-37c841edc3e9>;1014845.ttl;Johann Sebastian Bach. Les TempÃ©raments;12/03/2014;
;;;;
<http://data.doremus.org/performance/486c84c1-cfce-398b-b162-38868c7b6fe7>;13613.ttl;Top chef: initiation Ã  la cuisine orchestrale;19/03/2014;SimilaritÃ© :0.437
<http://data.doremus.org/performance/2e72f61c-847d-3138-9dec-5c8f3fc9dd0e>;1015034.ttl;Johann Sebastian Bach. Les TempÃ©raments;19/03/2014;
;;;;
<http://data.doremus.org/performance/486c84c1-cfce-398b-b162-38868c7b6fe7>;13613.ttl;Top chef: initiation Ã  la cuisine orchestrale;19/03/2014;SimilaritÃ© :0.437
<http://data.doremus.org/performance/7d4d8393-c5a5-39bb-a681-b3f011be5207>;1015033.ttl;Johann Sebastian Bach. Les TempÃ©raments;19/03/2014;
;;;;
<http://data.doremus.org/performance/96f07220-afa6-3594-8cf2-079c5a817d27>;14473.ttl;Tisane dansante;25/01/2015;SimilaritÃ© :0.383
<http://data.doremus.org/performance/7a4869d6-01a6-3288-af89-8e5a90938b5d>;1029290.ttl;Gustavo Dudamel 2;25/01/2015;
;;;;
<http://data.doremus.org/performance/a43398cf-42bb-3ee6-9aa0-7e199aa458b6>;13323.ttl;Quatuor Hagen;07/12/2013;SimilaritÃ© :0.4505
<http://data.doremus.org/performance/b1e18a68-6068-3c04-900f-8829c8feff1a>;1014916.ttl;Jean Cocteau : mon tour du monde;07/12/2013;
;;;;
<http://data.doremus.org/performance/51c81d68-c1b2-3c9f-98c3-1498b88a71cc>;14561.ttl;"Henri Texier \""Mingus Ah Um\"" / Get The Blessing \""The Shape Of Jazz To Come\""";07/09/2014;SimilaritÃ© :0.434
<http://data.doremus.org/performance/4861b687-7eff-3430-84f4-32d6fb05a8fc>;1021884.ttl;"Jazz Ã  la Villette. Robin McKelle & The Flytones \""Stax Soul Session\""";07/09/2014;
;;;;
<http://data.doremus.org/performance/dcfc4bab-7f5c-3c86-94a0-ccb212dbc166>;15540.ttl;Quatuor Hagen;24/01/2016;SimilaritÃ© :0.40750000000000003
<http://data.doremus.org/performance/f2d5153c-ef96-3b92-9a69-5ea8fbd950a8>;1046555.ttl;Biennale de quatuors Ã  cordes. Quatuor Modigliani;24/01/2016;
;;;;
<http://data.doremus.org/performance/cc0e1e56-c3bb-3692-b287-20bf996620d3>;13533.ttl;Bob van Asperen - Olivier Baumont;21/03/2014;SimilaritÃ© :0.449
<http://data.doremus.org/performance/08c478e2-5750-3821-9733-e14efc7ad8cd>;1015038.ttl;Johann Sebastian Bach. Les TempÃ©raments;21/03/2014;
;;;;
<http://data.doremus.org/performance/cc0e1e56-c3bb-3692-b287-20bf996620d3>;13533.ttl;Bob van Asperen - Olivier Baumont;21/03/2014;SimilaritÃ© :0.4575
<http://data.doremus.org/performance/86c3c572-1bba-319a-a0a1-fbfaf64872ba>;1015040.ttl;Johann Sebastian Bach. Les TempÃ©raments, In memoriam Gustav Leonhardt;21/03/2014;
;;;;
<http://data.doremus.org/performance/c822a105-cbaf-3621-90bd-7a68073e9454>;13522.ttl;Kenneth Weiss;16/03/2014;SimilaritÃ© :0.389
<http://data.doremus.org/performance/d9fec198-2b1d-3a21-b468-d4aed2fccdd7>;1015030.ttl;Johann Sebastian Bach. Les TempÃ©raments;16/03/2014;
;;;;
<http://data.doremus.org/performance/c822a105-cbaf-3621-90bd-7a68073e9454>;13522.ttl;Kenneth Weiss;16/03/2014;SimilaritÃ© :0.389
<http://data.doremus.org/performance/937606dc-7dad-3323-b4f8-72b707858258>;1015029.ttl;Johann Sebastian Bach. Les TempÃ©raments;16/03/2014;
;;;;
<http://data.doremus.org/performance/cc91b140-48ad-3785-bfa0-22370d74d741>;16605.ttl;MÃ©caniques CÃ©lestes;15/11/2016;SimilaritÃ© :0.6515
<http://data.doremus.org/performance/bbbf0b60-5c65-3e38-b301-edeb7c413912>;1059032.ttl;MÃ©caniques cÃ©lestes. Ensemble intercontemporain;15/11/2016;
;;;;
<http://data.doremus.org/performance/0b0322cb-7ba3-3cd2-b20d-6ce024614d2a>;13135.ttl;Ensemble intercontemporain - Matthias Pintscher;08/11/2013;SimilaritÃ© :0.446
<http://data.doremus.org/performance/ab518472-3c2e-3cd1-9157-8f0892cb6747>;1010650.ttl;Orchestre Philharmonique de Radio France, Myung-Whun Chung, Nicolas Baldeyrou, Christophe Henry;08/11/2013;
;;;;
<http://data.doremus.org/performance/33549703-50c2-3735-ae88-18277d449314>;14506.ttl;Ã€ Pierre (Le grand soir);21/03/2015;SimilaritÃ© :0.5369999999999999
<http://data.doremus.org/performance/2e2a4b46-e676-3ab8-9ccf-71f704c8053c>;1032040.ttl;Week-end Pierre Boulez. A Pierre (le grand soir);21/03/2015;
;;;;
<http://data.doremus.org/performance/c4d71623-a795-3645-9aad-718d6fedba0f>;14186.ttl;Orchestre Philharmonique de Radio France - Vasily Petrenko - BaÃ¯ba Skride;17/10/2014;SimilaritÃ© :0.4485
<http://data.doremus.org/performance/1d0a435f-0640-3f88-88e2-76c63dd79fa4>;1023309.ttl;Ensemble intercontemporain, Matthias Pintscher;17/10/2014;
;;;;
<http://data.doremus.org/performance/28ecf2c6-e15c-3d0a-84bc-1b68c49e2c0b>;14520.ttl;Festival de JÃ©rusalem;10/02/2015;SimilaritÃ© :0.4005
<http://data.doremus.org/performance/e5244d2c-5767-3bba-9f0c-b622aa473e8a>;1030359.ttl;Tindersticks;10/02/2015;
;;;;
<http://data.doremus.org/performance/33458f45-4431-356c-94b6-d1aa16025bff>;14243.ttl;De la Parra / Galliano;13/06/2015;SimilaritÃ© :0.5075000000000001
<http://data.doremus.org/performance/fa7f8e8f-bd42-3599-a7a9-8f5ec0c3f99c>;1036281.ttl;Nouveaux mondes. De la Parra / Galliano;13/06/2015;
;;;;
<http://data.doremus.org/performance/5070f1b6-d270-3d0e-b1a4-2904d29e7225>;13396.ttl;Royal Concertgebouw Orchestra Amsterdam - Mariss Jansons - Truls MÃ¸rk ;30/03/2014;SimilaritÃ© :0.40650000000000003
<http://data.doremus.org/performance/114d78db-7ee5-3616-a378-c233816a524d>;1017935.ttl;John Coltrane, a love supreme revisited;30/03/2014;
;;;;
<http://data.doremus.org/performance/4d16d019-333c-3387-bb89-6a43b2e11e70>;14162.ttl;Orchestre de Paris - David Zinman - Gautier CapuÃ§on;20/11/2014;SimilaritÃ© :0.4475
<http://data.doremus.org/performance/7c56f370-ea65-37b7-b5e6-d6f637f4008f>;1029519.ttl;Concert Ã©ducatif scolaire. L'HÃ©roÃ¯que;20/11/2014;
;;;;
<http://data.doremus.org/performance/51a64c1d-2daa-3e61-8fe9-66f37106f3d8>;13386.ttl;Passion selon saint Jean - Bach Collegium Japan - Masaaki Suzuki;19/03/2014;SimilaritÃ© :0.4595
<http://data.doremus.org/performance/2e72f61c-847d-3138-9dec-5c8f3fc9dd0e>;1015034.ttl;Johann Sebastian Bach. Les TempÃ©raments;19/03/2014;
;;;;
<http://data.doremus.org/performance/51a64c1d-2daa-3e61-8fe9-66f37106f3d8>;13386.ttl;Passion selon saint Jean - Bach Collegium Japan - Masaaki Suzuki;19/03/2014;SimilaritÃ© :0.4595
<http://data.doremus.org/performance/7d4d8393-c5a5-39bb-a681-b3f011be5207>;1015033.ttl;Johann Sebastian Bach. Les TempÃ©raments;19/03/2014;
;;;;
<http://data.doremus.org/performance/8862bd0c-1419-30b2-b602-f6b7f12d178b>;13238.ttl;Univers parallÃ¨les;18/06/2014;SimilaritÃ© :0.559
<http://data.doremus.org/performance/ac1c38a9-a5e9-3830-bc37-ff4455897231>;1019812.ttl;Visions du monde. Univers parallÃ¨les : rencontre;18/06/2014;
;;;;
<http://data.doremus.org/performance/b59ed5e9-ee38-3e04-bae2-db203f678894>;13510.ttl;Andreas Staier;12/03/2014;SimilaritÃ© :0.4575
<http://data.doremus.org/performance/94006dc3-70f2-348e-8686-4d2eeb5e0742>;1014839.ttl;Johann Sebastian Bach. Les TempÃ©raments;12/03/2014;
;;;;
<http://data.doremus.org/performance/b59ed5e9-ee38-3e04-bae2-db203f678894>;13510.ttl;Andreas Staier;12/03/2014;SimilaritÃ© :0.4575
<http://data.doremus.org/performance/1722099d-8cda-3b1e-8d49-37c841edc3e9>;1014845.ttl;Johann Sebastian Bach. Les TempÃ©raments;12/03/2014;
;;;;
<http://data.doremus.org/performance/daa796d9-b9f1-36cc-8fd3-891609e36e60>;15435.ttl;AngÃ©lique Kidjo & Philip Glass;03/10/2015;SimilaritÃ© :0.587
<http://data.doremus.org/performance/853c7da1-1050-34f8-8f12-f5a1b4173b1a>;1041702.ttl;Week-end Dialogues des cultures. AngÃ©lique Kidjo et Philip Glass;03/10/2015;
;;;;
<http://data.doremus.org/performance/d5eacde6-7d0f-3283-becb-21a64dada4f1>;15528.ttl;Quatuor Arditti;20/01/2016;SimilaritÃ© :0.4205
<http://data.doremus.org/performance/600823eb-b42e-353d-a9a7-6b25f56c9b23>;1045740.ttl;Biennale de quatuors Ã  cordes. Quatuor Borodine. Concert des 70 ans;20/01/2016;
;;;;
<http://data.doremus.org/performance/c2d88afd-c103-3d06-afcf-23d402e78eb4>;15510.ttl;Alice au Pays des merveilles;28/05/2016;SimilaritÃ© :0.43499999999999994
<http://data.doremus.org/performance/10086d2c-bc39-39aa-a7f0-8ca19832c88a>;1054710.ttl;Week-end Fantastique. Alice aux pays des merveilles. Orchestre national d+ÃŽle-de-France;28/05/2016;
;;;;
<http://data.doremus.org/performance/5d04ed87-4c89-30d1-a941-1e0afd364012>;15538.ttl;Quatuor Modigliani;24/01/2016;SimilaritÃ© :0.521
<http://data.doremus.org/performance/f2d5153c-ef96-3b92-9a69-5ea8fbd950a8>;1046555.ttl;Biennale de quatuors Ã  cordes. Quatuor Modigliani;24/01/2016;
;;;;
<http://data.doremus.org/performance/2847226e-5a1a-32db-8631-60ff8ae2728d>;14108.ttl;Insula Orchestra - Laurence Equilbey;23/03/2015;SimilaritÃ© :0.6579999999999999
<http://data.doremus.org/performance/4d3ab070-cdbc-3cb2-b600-031d7ddd3427>;1031330.ttl;Insula Orchestra, symphonies d'un monde nouveau;23/03/2015;
;;;;
<http://data.doremus.org/performance/c9cc1dd9-7ba1-3fea-947a-e62645e47bed>;15529.ttl;Quatuor Borodine;20/01/2016;SimilaritÃ© :0.4495
<http://data.doremus.org/performance/600823eb-b42e-353d-a9a7-6b25f56c9b23>;1045740.ttl;Biennale de quatuors Ã  cordes. Quatuor Borodine. Concert des 70 ans;20/01/2016;
;;;;
<http://data.doremus.org/performance/08737546-a99f-3498-8544-fbefd90948c4>;15331.ttl;La Force du Destin;30/05/2016;SimilaritÃ© :0.6005
<http://data.doremus.org/performance/f321e87e-ff53-3277-bf08-839f33050477>;1051668.ttl;La Force du Destin. Les Dissonances, David Grimal;30/05/2016;
;;;;
<http://data.doremus.org/performance/6e28fc2e-eea0-3a3e-94d4-f375208e413a>;13442.ttl;Orfeo - Les Talens Lyriques - Christophe Rousset;02/06/2014;SimilaritÃ© :0.4415
<http://data.doremus.org/performance/28064cdd-57c7-3ea1-9d1a-718f996d4185>;1019089.ttl;"Festival Villette Sonique 2014. Red Bull Music Academy prÃ©sente Chassol \""Big Sun\""";02/06/2014;
;;;;
<http://data.doremus.org/performance/eed522cd-ca9c-368e-982e-0593b5330d8c>;16836.ttl;La Fabrique de l'Orchestre;15/10/2016;SimilaritÃ© :0.4115
<http://data.doremus.org/performance/954af6af-92c7-3301-805d-8c7313833c10>;1057932.ttl;Cycle Ludwig van. Fantaisie. Insula Orchestra, Accentus;15/10/2016;
;;;;
<http://data.doremus.org/performance/ae4a96aa-d0f2-36d5-a5d5-ff0b7d899d5c>;16600.ttl;Ibn Battuta, Le voyageur du temps partie 2;04/11/2016;SimilaritÃ© :0.5955
<http://data.doremus.org/performance/71093560-3960-3434-bd25-52272e6fee2c>;1058633.ttl;Ibn Battuta de Damas en Chine. HespÃ¨rion XXI, Jordi Savall;04/11/2016;
;;;;
<http://data.doremus.org/performance/eb95b755-2543-30a2-9258-c8e8ead601c6>;16441.ttl;Henri Dutilleux;24/10/2016;SimilaritÃ© :0.6715
<http://data.doremus.org/performance/856e9ee3-d7de-3612-ba0f-6319b691e283>;1057857.ttl;Henri Dutilleux, paysages poÃ©tiques;24/10/2016;
;;;;
<http://data.doremus.org/performance/c2409023-96fd-37d8-ace3-20ae1b15ec27>;14568.ttl;Marc Ribot Y Los Cubanos Postizos / Roberto Fonseca Solo;10/09/2014;SimilaritÃ© :0.565
<http://data.doremus.org/performance/a25b7461-1640-3cdf-94f0-0458d356b8a2>;1021066.ttl;Jazz Ã  la Villette. Roberto Fonseca solo;10/09/2014;
;;;;
<http://data.doremus.org/performance/9d38fa76-d045-3be4-b4cf-3aa82feb71f1>;14466.ttl;LeÃ§on de musique;25/03/2015;SimilaritÃ© :0.5635
<http://data.doremus.org/performance/9f4ac172-c34e-3a2a-a294-e7045b77367b>;1032055.ttl;Une leÃ§on de musique par William Christie, la rhÃ©torique de la passion;25/03/2015;
;;;;
<http://data.doremus.org/performance/8f6e6a74-4d01-3fa7-8622-98fd84758e2c>;15243.ttl;Le voyage dâ€™Ibn Batouta;11/02/2016;SimilaritÃ© :0.6245
<http://data.doremus.org/performance/a104e67e-272f-31df-8758-b87def94a92f>;1046900.ttl;Le voyage d'Ibn Battuta. HespÃ¨rion XXI, Jordi Savall;11/02/2016;
;;;;
<http://data.doremus.org/performance/3ba601f4-29d6-3595-9703-86608e603c54>;15212.ttl;Pierre Henry;09/01/2016;SimilaritÃ© :0.6455
<http://data.doremus.org/performance/d420fa0d-d69c-3d25-9b59-36591405774c>;1045013.ttl;Pierre Henry, maintenant et demain;09/01/2016;
;;;;
<http://data.doremus.org/performance/d772bce1-2165-39f3-b3e4-c68455f13151>;14105.ttl;Music for 18 musicians;14/03/2015;SimilaritÃ© :0.615
<http://data.doremus.org/performance/a4e57097-cfb6-3578-96b0-bba916d2079e>;1032035.ttl;Week-end Let's Dance. Music for 18 musicians;14/03/2015;
;;;;
<http://data.doremus.org/performance/d772bce1-2165-39f3-b3e4-c68455f13151>;14105.ttl;Music for 18 musicians;14/03/2015;SimilaritÃ© :0.615
<http://data.doremus.org/performance/a4e57097-cfb6-3578-96b0-bba916d2079e>;1032035.ttl;Week-end Let's Dance. Music for 18 musicians;14/03/2015;
;;;;
<http://data.doremus.org/performance/b246f03a-e689-3f93-89a1-5c6173c37844>;15941.ttl;Jeux de guerre, jeux de vilain;13/04/2016;SimilaritÃ© :0.47950000000000004
<http://data.doremus.org/performance/56139b05-eaf1-367a-9319-ebd29ffd2800>;1063945.ttl;Concert participatif en famille. Jeux de guerre, jeux de vilain;13/04/2016;
;;;;
<http://data.doremus.org/performance/8a91db9e-7ea8-33e0-971b-1980e137e8fd>;14117.ttl;Madrigaux amoureux;18/05/2015;SimilaritÃ© :0.6495
<http://data.doremus.org/performance/5a36546b-4039-353f-ac86-b5130a919bb4>;1033415.ttl;Madrigaux amoureux. Paul Agnew, Les Arts Florissants;18/05/2015;
;;;;
<http://data.doremus.org/performance/da687d5c-3ddd-3d34-8b20-e010cc0a1488>;15231.ttl;Avishai Cohen symphonique;26/02/2016;SimilaritÃ© :0.55
<http://data.doremus.org/performance/af7a9dd6-b79d-341a-bd2c-37426226c8a8>;1046044.ttl;An evening with Avishai Cohen, Avishai Cohen symphonique;26/02/2016;
;;;;
<http://data.doremus.org/performance/c6d645b0-187a-36a8-bed2-ed1bfafcfb6f>;13322.ttl;Quatuor Hagen;07/12/2013;SimilaritÃ© :0.4505
<http://data.doremus.org/performance/b1e18a68-6068-3c04-900f-8829c8feff1a>;1014916.ttl;Jean Cocteau : mon tour du monde;07/12/2013;
;;;;
<http://data.doremus.org/performance/786f10d1-1920-36c0-82d5-4f35db62bc9e>;15247.ttl;Beethoven HÃ©roÃ¯que;08/03/2016;SimilaritÃ© :0.6125
<http://data.doremus.org/performance/98effd47-d283-32c4-8d38-9ed89ba3f27b>;1047693.ttl;Beethoven HÃ©roÃ¯que, Insula Orchestra, Laurence Equilbey;08/03/2016;
;;;;
<http://data.doremus.org/performance/466e82f9-4abe-3aee-a4ee-90ef0f331d8f>;15325.ttl;Daniel Harding;19/05/2016;SimilaritÃ© :0.5035000000000001
<http://data.doremus.org/performance/4c628753-51a9-3ff8-8974-be39fbd50bab>;1049486.ttl;Orchestre de Paris, Daniel Harding;19/05/2016;
;;;;
<http://data.doremus.org/performance/9d5518da-9c71-301d-986c-35ab88695d57>;15534.ttl;Quatuor Pacifica;23/01/2016;SimilaritÃ© :0.41700000000000004
<http://data.doremus.org/performance/f2913927-0a51-3e1c-a936-f575679cb004>;1045778.ttl;Biennale de quatuors Ã  cordes. Quatuor Casals;23/01/2016;
;;;;
<http://data.doremus.org/performance/9d5518da-9c71-301d-986c-35ab88695d57>;15534.ttl;Quatuor Pacifica;23/01/2016;SimilaritÃ© :0.385
<http://data.doremus.org/performance/0fe51bd5-f7a0-3216-8eb2-969de856effc>;1045787.ttl;Biennale de quatuors Ã  cordes. Quatuor Tetzlaff;23/01/2016;
;;;;
<http://data.doremus.org/performance/9b2dc21b-bd7a-3624-a9ea-86e6774b3aac>;13521.ttl;Blandine Rannou;16/03/2014;SimilaritÃ© :0.3985
<http://data.doremus.org/performance/d9fec198-2b1d-3a21-b468-d4aed2fccdd7>;1015030.ttl;Johann Sebastian Bach. Les TempÃ©raments;16/03/2014;
;;;;
<http://data.doremus.org/performance/9b2dc21b-bd7a-3624-a9ea-86e6774b3aac>;13521.ttl;Blandine Rannou;16/03/2014;SimilaritÃ© :0.3985
<http://data.doremus.org/performance/937606dc-7dad-3323-b4f8-72b707858258>;1015029.ttl;Johann Sebastian Bach. Les TempÃ©raments;16/03/2014;
;;;;
<http://data.doremus.org/performance/1d17fbf7-93c4-3dcc-9a1b-6bb7bc674851>;15573.ttl;Molada, la naissance;12/06/2016;SimilaritÃ© :0.4285
<http://data.doremus.org/performance/7a9f181d-de41-384a-bc74-860a262dfd84>;1053155.ttl;Week-end Amateurs. Molada, la naissance. Jasser Haj Youssef, Simone Kermes;12/06/2016;
;;;;
<http://data.doremus.org/performance/d580aeb7-6fba-3d7b-bef5-e88b9f35eca1>;13189.ttl;La Chambre Philharmonique ;27/05/2014;SimilaritÃ© :0.4535
<http://data.doremus.org/performance/f9820201-06c7-3ce7-aa85-377be4736e31>;1018712.ttl;Domaine privÃ© Henri Dutilleux;27/05/2014;
;;;;
<http://data.doremus.org/performance/b5f28745-4843-3663-8576-7bf541c8390c>;14559.ttl;"James Carter \""Giant Steps\"" / Omar Sosa \""Kind of Blue\""";06/09/2014;SimilaritÃ© :0.5005
<http://data.doremus.org/performance/4553ef54-fe47-35d7-af9a-11a1086c1140>;1021050.ttl;"Jazz Ã  la Villette. James Carter Organ Trio joue \""Giant Steps\""";06/09/2014;
;;;;
<http://data.doremus.org/performance/60bf6b95-4bd6-30e7-a216-5ceb0cd78663>;17523.ttl;Laura Mvula;10/09/2016;SimilaritÃ© :0.491
<http://data.doremus.org/performance/eedca036-889b-3bb1-bbea-ab32c6d1e99e>;1056452.ttl;Jazz Ã  la Villette : Laura Mvula;10/09/2016;
;;;;
<http://data.doremus.org/performance/cd1e4214-af97-3786-b04a-71413fcd1b22>;14262.ttl;New York Philharmonic;25/04/2015;SimilaritÃ© :0.4395
<http://data.doremus.org/performance/8c945d1b-8779-3483-82f6-0c33166d16ae>;1033420.ttl;Week-end Sketches of New York. New York Philharmonic, Alan Gilbert, Joyce DiDonato;25/04/2015;
;;;;
<http://data.doremus.org/performance/682ee9f6-f381-325a-b22f-452d77ffa2be>;14232.ttl;RÃ©pons de Pierre Boulez;11/06/2015;SimilaritÃ© :0.5795
<http://data.doremus.org/performance/1ae332a0-f9cf-3bed-8b6f-2ae10e40243b>;1035806.ttl;RÃ©pons de Pierre Boulez, Ensemble intercontemporain, Matthias Pintscher;11/06/2015;
;;;;
<http://data.doremus.org/performance/a5584e76-a34a-3330-bda1-bcd407b34683>;15126.ttl;VÃªpres solennelles;24/09/2015;SimilaritÃ© :0.5825
<http://data.doremus.org/performance/cb59e7bc-905c-3cfb-b1b8-0f382888007c>;1040873.ttl;VÃªpres solennelles : Accentus, Insula Orchestra, Laurence Equilbey;24/09/2015;
;;;;
<http://data.doremus.org/performance/36735176-873d-38c2-b063-51a68ede24d4>;15238.ttl;Chamber Orchestra of Europe;20/02/2016;SimilaritÃ© :0.6575
<http://data.doremus.org/performance/79d8bc67-926e-3174-b0f3-10de7881fbe1>;1047115.ttl;Chamber Orchestra of Europe, Rias Kammerchor, Yannick NÃ©zet-SÃ©guin;20/02/2016;
;;;;
<http://data.doremus.org/performance/4dba73ad-c010-389a-8f6f-52ed68c86262>;14360.ttl;Gustavo Dudamel 1;24/01/2015;SimilaritÃ© :0.46399999999999997
<http://data.doremus.org/performance/bfe06cde-99b6-349f-94e8-1861fcb095d5>;1029288.ttl;Week-end Nouvelles vagues. Gustavo Dudamel 1;24/01/2015;
;;;;
<http://data.doremus.org/performance/afa1371a-cbef-3b7b-88d2-d759356df76c>;13699.ttl;Solistes de l'Ensemble intercontemporain;03/12/2013;SimilaritÃ© :0.4535
<http://data.doremus.org/performance/0a16ca60-b132-35cd-9e80-8794805de5d4>;1011731.ttl;Orchestre du ThÃ©Ã¢tre Mariinsky, Valery Gergiev, Gautier CapuÃ§on;03/12/2013;
;;;;
<http://data.doremus.org/performance/1e1327c0-329b-31b3-882a-6e2bc197a7f0>;15539.ttl;Les quatuors de Weinberg;24/01/2016;SimilaritÃ© :0.45399999999999996
<http://data.doremus.org/performance/f2d5153c-ef96-3b92-9a69-5ea8fbd950a8>;1046555.ttl;Biennale de quatuors Ã  cordes. Quatuor Modigliani;24/01/2016;
;;;;
<http://data.doremus.org/performance/3afc879d-33a9-38cc-9dd5-b63643ac9455>;17623.ttl;Sarah Murcia & Vic Moan (carte blanche Ã  Sarah Murcia);10/09/2016;SimilaritÃ© :0.401
<http://data.doremus.org/performance/eedca036-889b-3bb1-bbea-ab32c6d1e99e>;1056452.ttl;Jazz Ã  la Villette : Laura Mvula;10/09/2016;
;;;;
<http://data.doremus.org/performance/0fdb4ebb-9d92-3812-87c6-cdff395a8cd1>;16533.ttl;Staatskapelle Berlin / Daniel Barenboim;02/09/2016;SimilaritÃ© :0.4485
<http://data.doremus.org/performance/759e84eb-b7e9-3970-939d-83fd2ef71501>;1056252.ttl;Jazz Ã  la Villette : Europa Berlin;02/09/2016;
;;;;
<http://data.doremus.org/performance/c44adbfb-508f-3d79-841a-32972edb382c>;15536.ttl;Quatuor Casals;23/01/2016;SimilaritÃ© :0.499
<http://data.doremus.org/performance/f2913927-0a51-3e1c-a936-f575679cb004>;1045778.ttl;Biennale de quatuors Ã  cordes. Quatuor Casals;23/01/2016;
;;;;
<http://data.doremus.org/performance/c44adbfb-508f-3d79-841a-32972edb382c>;15536.ttl;Quatuor Casals;23/01/2016;SimilaritÃ© :0.4595
<http://data.doremus.org/performance/0fe51bd5-f7a0-3216-8eb2-969de856effc>;1045787.ttl;Biennale de quatuors Ã  cordes. Quatuor Tetzlaff;23/01/2016;
;;;;
<http://data.doremus.org/performance/06e82eaf-e4b3-387e-b8b5-b4b746a26c26>;16302.ttl;Ateliers-Concerts pour les tout-petits;24/01/2016;SimilaritÃ© :0.4305
<http://data.doremus.org/performance/f2d5153c-ef96-3b92-9a69-5ea8fbd950a8>;1046555.ttl;Biennale de quatuors Ã  cordes. Quatuor Modigliani;24/01/2016;
;;;;
<http://data.doremus.org/performance/235404fd-5843-3752-af12-9c843b2e9ae5>;16564.ttl;Maurice Ravel;03/10/2016;SimilaritÃ© :0.612
<http://data.doremus.org/performance/0b115f8b-20f1-3939-8f07-3171d3886d18>;1057930.ttl;Maurice Ravel. Les Dissonances, David Grimal;03/10/2016;
;;;;
<http://data.doremus.org/performance/7ba02fd5-4c50-3716-a05c-b89d062c3e35>;15441.ttl;Higelin symphonique;24/10/2015;SimilaritÃ© :0.508
<http://data.doremus.org/performance/98681c12-da5c-30c7-a27f-ecd1b28ec5e4>;1042324.ttl;Week-end Jacques Higelin. Higelin symphonique;24/10/2015;
;;;;
<http://data.doremus.org/performance/ab4cd9ed-72b5-334b-992d-9192dc0251a1>;18859.ttl;Dianne Reeves;10/09/2017;SimilaritÃ© :0.5305
<http://data.doremus.org/performance/60995227-f1eb-3956-a1e3-4d32c324abad>;1071854.ttl;Jazz Ã  la Villette : Dianne Reeves;10/09/2017;
;;;;
<http://data.doremus.org/performance/6fb66d2a-08e4-3535-b9b9-868a6dcd8885>;18261.ttl;"Le Sacre du Tympan \""Cartoons\""";10/09/2017;SimilaritÃ© :0.4575
<http://data.doremus.org/performance/c1adfe08-faef-3291-a785-e6bdf06436c8>;1071857.ttl;Jazz Ã  la Villette : Hanna Paulsberg Concept;10/09/2017;
;;;;
<http://data.doremus.org/performance/6fb66d2a-08e4-3535-b9b9-868a6dcd8885>;18261.ttl;"Le Sacre du Tympan \""Cartoons\""";10/09/2017;SimilaritÃ© :0.43500000000000005
<http://data.doremus.org/performance/60995227-f1eb-3956-a1e3-4d32c324abad>;1071854.ttl;Jazz Ã  la Villette : Dianne Reeves;10/09/2017;
;;;;
<http://data.doremus.org/performance/6fb66d2a-08e4-3535-b9b9-868a6dcd8885>;18261.ttl;"Le Sacre du Tympan \""Cartoons\""";10/09/2017;SimilaritÃ© :0.4575
<http://data.doremus.org/performance/c1adfe08-faef-3291-a785-e6bdf06436c8>;1071857.ttl;Jazz Ã  la Villette : Hanna Paulsberg Concept;10/09/2017;
;;;;
<http://data.doremus.org/performance/6fb66d2a-08e4-3535-b9b9-868a6dcd8885>;18261.ttl;"Le Sacre du Tympan \""Cartoons\""";10/09/2017;SimilaritÃ© :0.43500000000000005
<http://data.doremus.org/performance/60995227-f1eb-3956-a1e3-4d32c324abad>;1071854.ttl;Jazz Ã  la Villette : Dianne Reeves;10/09/2017;
;;;;
<http://data.doremus.org/performance/1ad9f2df-002b-3e62-840a-43641a9dfda7>;17086.ttl;Chant du cygne;27/01/2017;SimilaritÃ© :0.5615
<http://data.doremus.org/performance/f9c8efcd-5f1b-3199-89e9-40db51e9878a>;1061043.ttl;Chant du cygne. Thomas E. Bauer, Jos van Immerseel;27/01/2017;
;;;;
<http://data.doremus.org/performance/7d6d0b58-a953-3a65-b413-07d369cfcba6>;17800.ttl;Orchestre MÃ©tropolitain de MontrÃ©al;02/12/2017;SimilaritÃ© :0.5835
<http://data.doremus.org/performance/dccb5907-8988-3a3a-a64c-b3a8e9fdb1b1>;1072554.ttl;Orchestre MÃ©tropolitain de MontrÃ©al : Yannick NÃ©zet-SÃ©guin, StÃ©phane TÃ©treault, Alexandre Tharaud : Elgar, Ravel, Debussy;02/12/2017;
;;;;
<http://data.doremus.org/performance/95bf11ef-dbc8-3c08-8554-455b10fd47d5>;17062.ttl;3somesisters;11/06/2017;SimilaritÃ© :0.38
<http://data.doremus.org/performance/09deb52f-69b1-3291-b021-1308ba71184e>;1067533.ttl;La diva aux pieds nus : Hommage Ã  Cesaria Evora;11/06/2017;
;;;;
<http://data.doremus.org/performance/fef10d8f-c04f-381e-bfef-f027383a6cf7>;16790.ttl;Chatoiement oriental;20/05/2017;SimilaritÃ© :0.527
<http://data.doremus.org/performance/af220266-f7a2-3055-b876-40ee1f187f45>;1067108.ttl;Week-end Mille et une nuits. Chatoiement oriental, Orchestre Pasdeloup;20/05/2017;
;;;;
<http://data.doremus.org/performance/031d59cc-0d50-38c2-bdcd-7e0740baf946>;17780.ttl;Orchestre de Paris;11/10/2017;SimilaritÃ© :0.524
<http://data.doremus.org/performance/ea87853c-e761-3228-85f4-7f60d318c305>;1072506.ttl;Bach en sept paroles : I : LumiÃ¨res;11/10/2017;
;;;;
<http://data.doremus.org/performance/627cde29-b555-3ba2-a22e-0efbed8f91bb>;17801.ttl;Orchestre MÃ©tropolitain de MontrÃ©al;03/12/2017;SimilaritÃ© :0.571
<http://data.doremus.org/performance/2eb72b3e-91a6-3071-9879-830b860cc6da>;1072563.ttl;Orchestre MÃ©tropolitain de MontrÃ©al : Yannick NÃ©zet-SÃ©guin, Marie-Nicole Lemieux, Jean-Guihen Queyras : Berlioz, Saint-SaÃ«ns, Elgar;03/12/2017;
;;;;
<http://data.doremus.org/performance/fd73ea20-d486-31f0-8deb-ae09080f34cb>;16713.ttl;Rothko Chapel;24/02/2017;SimilaritÃ© :0.595
<http://data.doremus.org/performance/905af3a1-86de-3db6-ae7b-fcb972b7f88f>;1062230.ttl;Rothko Chapel. Ensemble intercontemporain;24/02/2017;
;;;;
<http://data.doremus.org/performance/133f9c0c-b7fa-3d5c-85c1-df35f5188907>;16814.ttl;Orchestre de Paris;08/06/2017;SimilaritÃ© :0.6715
<http://data.doremus.org/performance/c9538353-3d8c-3481-872c-0e617513fe43>;1067127.ttl;Orchestre de Paris. Thomas Hengelbrock;08/06/2017;
;;;;
<http://data.doremus.org/performance/1fa5616c-f6b7-3e5c-8cae-390d244b10b2>;17922.ttl;Rising Stars Quatuor van Kuijk;13/01/2018;SimilaritÃ© :0.399
<http://data.doremus.org/performance/8f9db495-773a-333f-8a6d-1eeb7d282854>;1076268.ttl;Biennale quatuors Ã  cordes. Quatuor Danel : Mozart, Neuwirth, Haydn, Beethoven;13/01/2018;
;;;;
<http://data.doremus.org/performance/bb0b5218-239e-3c31-9253-c10e08153d8e>;16765.ttl;Monty Alexander;23/04/2017;SimilaritÃ© :0.4475
<http://data.doremus.org/performance/dfb65c08-4179-3941-b588-f972b00f8f36>;1065461.ttl;Week-end Jamaica. Monty Alexander. Harlem Kingston express;23/04/2017;
;;;;
<http://data.doremus.org/performance/93606de6-0654-383a-b71a-f0569b121f7c>;16804.ttl;Lâ€™Une & Lâ€™Autre - La Grande Sophie et Delphine de Vigan ;05/05/2017;SimilaritÃ© :0.4415
<http://data.doremus.org/performance/e0e385c9-3102-3f1a-9f39-6eaa3c911634>;1066662.ttl;Voyage avec Marcel KhalifÃ©, Orchestre national d'ÃŽle-de-France;05/05/2017;
;;;;
<http://data.doremus.org/performance/88a32754-316f-3042-8cd9-4a4c655a2a5f>;17766.ttl;Staatskapelle Berlin / Barenboim;09/09/2017;SimilaritÃ© :0.438
<http://data.doremus.org/performance/bca010ae-d7d6-3f11-a5ae-fbea6ad9f7c4>;1071753.ttl;Jazz Ã  la Villette : Tony Allen;09/09/2017;
;;;;
<http://data.doremus.org/performance/88a32754-316f-3042-8cd9-4a4c655a2a5f>;17766.ttl;Staatskapelle Berlin / Barenboim;09/09/2017;SimilaritÃ© :0.474
<http://data.doremus.org/performance/d7c6eaca-a715-31c7-9190-97db0fd5d78e>;1071757.ttl;Jazz Ã  la Villette : Sinkane;09/09/2017;
;;;;
<http://data.doremus.org/performance/88a32754-316f-3042-8cd9-4a4c655a2a5f>;17766.ttl;Staatskapelle Berlin / Barenboim;09/09/2017;SimilaritÃ© :0.41500000000000004
<http://data.doremus.org/performance/85b74d6f-ac92-33ee-a493-9a3a09c27ff2>;1071760.ttl;Jazz Ã  la Villette : Curtis Harding;09/09/2017;
;;;;
<http://data.doremus.org/performance/bf382cfb-b145-3ee4-b2ab-7990b76ab619>;17767.ttl;Nuit minimaliste ;07/10/2017;SimilaritÃ© :0.4685
<http://data.doremus.org/performance/763f8bc5-29c2-3088-ba18-a79ec7d25c82>;1072761.ttl;Week-end Nuit blanche. Nuit minimaliste. Bruce Brubaker;07/10/2017;
;;;;
<http://data.doremus.org/performance/bf382cfb-b145-3ee4-b2ab-7990b76ab619>;17767.ttl;Nuit minimaliste ;07/10/2017;SimilaritÃ© :0.44699999999999995
<http://data.doremus.org/performance/8d2845c9-ad93-3465-b738-ec0b4160c7b0>;1072764.ttl;Week-end Nuit blanche. Nuit minimaliste. James McVinnie 23h30;07/10/2017;
;;;;
<http://data.doremus.org/performance/bf382cfb-b145-3ee4-b2ab-7990b76ab619>;17767.ttl;Nuit minimaliste ;07/10/2017;SimilaritÃ© :0.5245
<http://data.doremus.org/performance/5dd5c413-a56b-3368-82a0-796e70f4219d>;1072745.ttl;Week-end Nuit blanche. Nuit minimaliste;07/10/2017;
;;;;
<http://data.doremus.org/performance/98389c7a-1499-3f5a-a75a-50ff941dea3b>;16729.ttl;Hommage Ã  Pierre Boulez;18/03/2017;SimilaritÃ© :0.477
<http://data.doremus.org/performance/e4f5a3b3-bd76-3054-9622-58fe5ef2ffec>;1063596.ttl;Week-end EIC 40. Hommage Ã  Pierre Boulez. Ensemble intercontemporain;18/03/2017;
;;;;
<http://data.doremus.org/performance/eb007022-a4c5-3b28-8d76-5dfc58638cf6>;18479.ttl;Michael Kiwanuka / James Vincent McMorrow;05/07/2017;SimilaritÃ© :0.641
<http://data.doremus.org/performance/4afa5d7c-c7ef-34a2-bcae-93f17daf159f>;1069432.ttl;Festival Days Off. James Vincent McMorrow;05/07/2017;
;;;;
<http://data.doremus.org/performance/2c32bb94-fcbc-3d77-babf-337ac62b0317>;17102.ttl;Jamaican Revue;21/04/2017;SimilaritÃ© :0.566
<http://data.doremus.org/performance/3db825a1-af77-3c0a-9bdd-ce306d84186f>;1066242.ttl;"Jamaican Revue. Lee \""Scratch\"" Perry and the Homegrownband";21/04/2017;
;;;;
<http://data.doremus.org/performance/2c32bb94-fcbc-3d77-babf-337ac62b0317>;17102.ttl;Jamaican Revue;21/04/2017;SimilaritÃ© :0.577
<http://data.doremus.org/performance/7dec5a9b-8bdd-39b9-8e01-87232a1e7420>;1066237.ttl;Jamaican Revue. Johnny Osbourne & the Homegrown Band;21/04/2017;
;;;;
<http://data.doremus.org/performance/87890401-6116-3edd-a890-fc01d71922c3>;17802.ttl;Orchestre de Paris - Harding;08/09/2017;SimilaritÃ© :0.41450000000000004
<http://data.doremus.org/performance/adf0d2c0-4ae6-3dde-8619-8bc08cabfd4f>;1071745.ttl;Jazz Ã  la Villette : Omer Avital Quintet;08/09/2017;
;;;;
<http://data.doremus.org/performance/e27ee099-d402-39b3-af4a-0523fd125e60>;16685.ttl;L'As des as;14/05/2017;SimilaritÃ© :0.43999999999999995
<http://data.doremus.org/performance/9ea65769-a794-302a-a40f-77451cdb659f>;1067459.ttl;Agnes Obel;14/05/2017;
;;;;
<http://data.doremus.org/performance/5343beda-773c-3a3e-8777-3e9ad51a8fe0>;16681.ttl;Turbulences vocales - Grand Soir;21/01/2017;SimilaritÃ© :0.482
<http://data.doremus.org/performance/a2a0bc4c-7ea3-3482-98f1-bd635395e07d>;1060493.ttl;Biennale d'art vocal. Te Deum, 40 ans du choeur de l'Orchestre de Paris;21/01/2017;
;;;;
<http://data.doremus.org/performance/29f249bd-bb37-385b-a3d9-b312d92cca6b>;16798.ttl;Sing with Bobby ;14/05/2017;SimilaritÃ© :0.4255
<http://data.doremus.org/performance/9ea65769-a794-302a-a40f-77451cdb659f>;1067459.ttl;Agnes Obel;14/05/2017;
;;;;
<http://data.doremus.org/performance/a6d0ab19-990d-3854-b8b6-2d6d8507c715>;16745.ttl;A livres ouverts;17/03/2017;SimilaritÃ© :0.5409999999999999
<http://data.doremus.org/performance/2bcc92f2-8633-35a6-96dc-b1b140f125c4>;1063593.ttl;A livres ouverts. Ensemble intercontemporain - Matthias Pintscher;17/03/2017;
;;;;
<http://data.doremus.org/performance/17d42910-dbf6-39fb-9556-647882ee1c17>;16781.ttl;Voyage avec Marcel KhalifÃ©;05/05/2017;SimilaritÃ© :0.643
<http://data.doremus.org/performance/e0e385c9-3102-3f1a-9f39-6eaa3c911634>;1066662.ttl;Voyage avec Marcel KhalifÃ©, Orchestre national d'ÃŽle-de-France;05/05/2017;
;;;;
<http://data.doremus.org/performance/8e1284ec-9f61-36e2-9916-0b0112afa603>;18912.ttl;" Grand Orchestre du Tricot \""Zeus\""";09/09/2017;SimilaritÃ© :0.4255
<http://data.doremus.org/performance/bca010ae-d7d6-3f11-a5ae-fbea6ad9f7c4>;1071753.ttl;Jazz Ã  la Villette : Tony Allen;09/09/2017;
;;;;
<http://data.doremus.org/performance/8e1284ec-9f61-36e2-9916-0b0112afa603>;18912.ttl;" Grand Orchestre du Tricot \""Zeus\""";09/09/2017;SimilaritÃ© :0.4235
<http://data.doremus.org/performance/d7c6eaca-a715-31c7-9190-97db0fd5d78e>;1071757.ttl;Jazz Ã  la Villette : Sinkane;09/09/2017;
;;;;
<http://data.doremus.org/performance/8e1284ec-9f61-36e2-9916-0b0112afa603>;18912.ttl;" Grand Orchestre du Tricot \""Zeus\""";08/09/2017;SimilaritÃ© :0.3755
<http://data.doremus.org/performance/0ff96a98-5228-302a-93b9-2eda72a9edde>;1071742.ttl;Jazz Ã  la Villette : Laurent de Wilde et Ray Lema;08/09/2017;
;;;;
<http://data.doremus.org/performance/e660d924-e3e8-361d-8726-d84da7cada8d>;18856.ttl;Curtis Harding / Sinkane / Tony Allen;09/09/2017;SimilaritÃ© :0.485
<http://data.doremus.org/performance/bca010ae-d7d6-3f11-a5ae-fbea6ad9f7c4>;1071753.ttl;Jazz Ã  la Villette : Tony Allen;09/09/2017;
;;;;
<http://data.doremus.org/performance/e660d924-e3e8-361d-8726-d84da7cada8d>;18856.ttl;Curtis Harding / Sinkane / Tony Allen;09/09/2017;SimilaritÃ© :0.4165
<http://data.doremus.org/performance/d7c6eaca-a715-31c7-9190-97db0fd5d78e>;1071757.ttl;Jazz Ã  la Villette : Sinkane;09/09/2017;
;;;;
<http://data.doremus.org/performance/e660d924-e3e8-361d-8726-d84da7cada8d>;18856.ttl;Curtis Harding / Sinkane / Tony Allen;09/09/2017;SimilaritÃ© :0.448
<http://data.doremus.org/performance/563331a0-7f67-3060-823f-a299f20fde37>;1069793.ttl;Staatskapelle Berlin, Daniel Barenboim. Bruckner;09/09/2017;
;;;;
<http://data.doremus.org/performance/14bf5b52-5b4c-3006-b008-3b62053e9854>;17897.ttl;Debussy / Boulez;28/01/2018;SimilaritÃ© :0.4275
<http://data.doremus.org/performance/95a59fe3-0d62-36f9-9644-377328c9c7da>;1076860.ttl;Week-end Debussy 100. Debussy / Boulez. Les SiÃ¨cles - FranÃ§ois-Xavier Roth;28/01/2018;
;;;;
<http://data.doremus.org/performance/06973960-290d-3023-9f57-863681e9f485>;16789.ttl;L'EnlÃ¨vement au sÃ©rail;20/05/2017;SimilaritÃ© :0.474
<http://data.doremus.org/performance/a214501f-37d5-3b4d-aa68-a4cb62453b3e>;1067091.ttl;Week-end Mille et une nuits. L'EnlÃ¨vement au sÃ©rail, Orchestre de chambre de Paris;20/05/2017;
;;;;
<http://data.doremus.org/performance/55d36769-3ed2-3b18-b134-66af198cae03>;17765.ttl;Staatskapelle Berlin / Barenboim;10/09/2017;SimilaritÃ© :0.446
<http://data.doremus.org/performance/60995227-f1eb-3956-a1e3-4d32c324abad>;1071854.ttl;Jazz Ã  la Villette : Dianne Reeves;10/09/2017;
;;;;
<http://data.doremus.org/performance/6cc001a2-1e08-3896-96cb-5cdf94cdb480>;16645.ttl;FrÃ¨re animal  ;13/12/2016;SimilaritÃ© :0.46399999999999997
<http://data.doremus.org/performance/ddfea13a-8244-399e-8b62-ec73dd717c19>;1065624.ttl;El Fuego latino;13/12/2016;
;;;;
<http://data.doremus.org/performance/9f5f3c85-d6e0-3f56-9e79-f445fb751a88>;17188.ttl;Zlata Chochieva;18/04/2017;SimilaritÃ© :0.5425
<http://data.doremus.org/performance/08be7c1c-7ac3-3830-bf9c-7fd5efafdbba>;1065610.ttl;Sonya Yoncheva;18/04/2017;
;;;;
<http://data.doremus.org/performance/e82d5ed1-dd72-31d0-9302-a613babf80c9>;17792.ttl;Orchestre de Paris - Harding;02/11/2017;SimilaritÃ© :0.5885
<http://data.doremus.org/performance/a150c760-46ed-30d9-a581-78433afe2ec5>;1072577.ttl;Orchestre de Paris, Harding : Anniversaire des 50 ans : Berio, Stravinski, Widmann, Debussy;02/11/2017;
;;;;
<http://data.doremus.org/performance/52417be3-9850-3572-abce-125af36acd54>;18288.ttl;Sur les pas de ShÃ©hÃ©razade;22/10/2017;SimilaritÃ© :0.518
<http://data.doremus.org/performance/6812b5bd-9aae-3ef9-a90a-79ab717ab51f>;1072924.ttl;Sgt. Pepper Live;22/10/2017;
;;;;
<http://data.doremus.org/performance/52417be3-9850-3572-abce-125af36acd54>;18288.ttl;Sur les pas de ShÃ©hÃ©razade;22/10/2017;SimilaritÃ© :0.518
<http://data.doremus.org/performance/6812b5bd-9aae-3ef9-a90a-79ab717ab51f>;1072924.ttl;Sgt. Pepper Live;22/10/2017;
;;;;
<http://data.doremus.org/performance/657b2f6d-c9ec-3533-924d-77ba3bee7c81>;17741.ttl;Ouverture de la Saison de la Colombie en France;23/06/2017;SimilaritÃ© :0.5395
<http://data.doremus.org/performance/8302afe8-efba-36a2-a6b6-710633d996ed>;1067132.ttl;Ouverture de l'annÃ©e de la Colombie en France. Orchestre DÃ©mos - Philharmonie de Paris et Orchestre jovenes de Colombia;23/06/2017;
;;;;
<http://data.doremus.org/performance/056f4b48-9300-3e86-8122-8fc4b3d32710>;18475.ttl;Savages / Kate Tempest;04/07/2017;SimilaritÃ© :0.458
<http://data.doremus.org/performance/353c037e-c6c9-3e4f-87f6-1755a4395bb2>;1069994.ttl;Un concert Ã  emporter, festival Days Off. Kate Tempest;04/07/2017;
;;;;
<http://data.doremus.org/performance/a3b4ec33-38e1-3ae2-bfab-97f6245ead6d>;17849.ttl;Sorciers et sorciÃ¨res;11/11/2017;SimilaritÃ© :0.44599999999999995
<http://data.doremus.org/performance/69253920-1436-38f2-9c1d-44e96e71c4f6>;1073191.ttl;Week-end Fantastique. Sorciers et sorciÃ¨res, concert participatif en famille;11/11/2017;
;;;;
<http://data.doremus.org/performance/b735a009-0aad-3713-a9f5-885cf3ded3e3>;18863.ttl;Madame Classique & Mister Jazz;09/09/2017;SimilaritÃ© :0.402
<http://data.doremus.org/performance/85b74d6f-ac92-33ee-a493-9a3a09c27ff2>;1071760.ttl;Jazz Ã  la Villette : Curtis Harding;09/09/2017;
;;;;
<http://data.doremus.org/performance/2cfe6b15-8001-3045-8ca3-e374b48b0b6d>;17069.ttl;Les Amazones d'Afrique;12/03/2017;SimilaritÃ© :0.493
<http://data.doremus.org/performance/b89f5ac0-2670-33d3-ba1c-e45646dd4794>;1062911.ttl;Week-end African Queens. Les Amazones d'Afrique;12/03/2017;
;;;;
<http://data.doremus.org/performance/f1a8d279-7915-363c-bc4a-2a0f82dbe833>;16823.ttl;La diva aux pieds nus;11/06/2017;SimilaritÃ© :0.633
<http://data.doremus.org/performance/09deb52f-69b1-3291-b021-1308ba71184e>;1067533.ttl;La diva aux pieds nus : Hommage Ã  Cesaria Evora;11/06/2017;
;;;;
<http://data.doremus.org/performance/0f32684d-4a5c-319f-b8c8-336a21e1cd23>;10097.ttl;Quatuor PrazÃ¡k;17/01/2010;SimilaritÃ© :0.4125
<http://data.doremus.org/performance/3bb6581b-16b4-354f-b5b2-f1adece4be1e>;0933237.ttl;4e biennale quatuors Ã  cordes. Quatuor YsaÃ¿e;17/01/2010;
;;;;
<http://data.doremus.org/performance/0f32684d-4a5c-319f-b8c8-336a21e1cd23>;10097.ttl;Quatuor PrazÃ¡k;17/01/2010;SimilaritÃ© :0.447
<http://data.doremus.org/performance/627de14a-6690-35dd-948b-9ba600799c5e>;0933221.ttl;4e biennale quatuors Ã  cordes. Quatuor PrazÃ k;17/01/2010;
;;;;
<http://data.doremus.org/performance/6a22a304-29dd-3162-abbb-e81f300f9802>;11860.ttl;Orchestre de Paris - PrÃ©lude au concert;18/05/2011;SimilaritÃ© :0.654
<http://data.doremus.org/performance/51e129d3-a0a6-3a85-95d1-4b11ec8deebc>;0966894.ttl;Orchestre de Paris. Paavo JÃ¤rvi, Gautier CapuÃ§on, Thierry Escaich;18/05/2011;
;;;;
<http://data.doremus.org/performance/915dc9eb-0b56-3e62-8925-8c287a5d4541>;11235.ttl;The Divine Comedy Special Solo Show / Alela Diane duo;08/07/2010;SimilaritÃ© :0.5625
<http://data.doremus.org/performance/dd81d9de-562a-3f16-942d-4584cc920575>;0945285.ttl;Festival Days Off. Alela Diane duo;08/07/2010;
;;;;
<http://data.doremus.org/performance/4985b8cd-820f-3e58-9e7f-49717e31d8be>;10118.ttl;La RÃ©union - Maloya;24/04/2010;SimilaritÃ© :0.567
<http://data.doremus.org/performance/8fa7a365-dc2b-3faf-bdae-2debb2eb8d15>;0947700.ttl;Une Ã®le, un monde. La RÃ©union et Mayotte : Maloya;24/04/2010;
;;;;
<http://data.doremus.org/performance/ef656ca1-f495-3e65-8c72-7daf454c155d>;10773.ttl;Ludwig van Beethoven , symphonies nÂ° 8 et 5;16/04/2011;SimilaritÃ© :0.616
<http://data.doremus.org/performance/6474550b-2d1a-325a-8247-99503babc8bc>;0964313.ttl;Beethoven visionnaire. Symphonies nÂ°8 et 5;16/04/2011;
;;;;
<http://data.doremus.org/performance/ef656ca1-f495-3e65-8c72-7daf454c155d>;10773.ttl;Ludwig van Beethoven , symphonies nÂ° 8 et 5;16/04/2011;SimilaritÃ© :0.513
<http://data.doremus.org/performance/141a2d16-026f-3894-9045-80c164bcaab3>;0964314.ttl;"Beethoven visionnaire. Symphonies nÂ°1 et 3 \""Eroica\""";16/04/2011;
;;;;
<http://data.doremus.org/performance/5a98df70-8b0b-3999-ab39-e68e755be5bb>;11034.ttl;Cecilia Bartoli / Giulio Cesare ;14/02/2010;SimilaritÃ© :0.439
<http://data.doremus.org/performance/56c9583a-68f5-3b76-b11b-5beb8756024d>;0934234.ttl;RÃ©sistances. Tibet. Tenzin GÃ¶npo, Yungchen Lhamo;14/02/2010;
;;;;
<http://data.doremus.org/performance/372e8ed5-39f6-37a8-afbd-972250b2062b>;6783.ttl;La France romantique;11/02/2010;SimilaritÃ© :0.5045
<http://data.doremus.org/performance/3b5b76dc-46cc-368e-90e7-6cb600dd25a1>;0933825.ttl;Concert Ã©ducatif. Les SiÃ¨cles - La France romantique;11/02/2010;
;;;;
<http://data.doremus.org/performance/2048ab36-b787-372a-bfe5-0eefd091a4c4>;10053.ttl;Forum Asie centrale;28/11/2009;SimilaritÃ© :0.434
<http://data.doremus.org/performance/53b05a45-c102-388e-938c-319178f62df3>;0927511.ttl;Les routes d'Orient. Asie centrale. Musiques des cours royales. OuzbÃ©kistan;28/11/2009;
;;;;
<http://data.doremus.org/performance/897b9383-5320-34f0-90df-1584dddc50b8>;6690.ttl;Les Arts Florissants fÃªtent leurs 30 ans;17/11/2009;SimilaritÃ© :0.5275
<http://data.doremus.org/performance/1a36c326-0aa8-392c-ae09-ebd5a9385b8d>;0927485.ttl;Le baroque revisitÃ©. Les Arts Florissants fÃªtent leurs 30 ans. Les grands motets pour la Chapelle du roi;17/11/2009;
;;;;
<http://data.doremus.org/performance/8ec01a94-98fa-3343-8943-82a3bccd5048>;10099.ttl;Thomas Fersen - Mythologie;26/01/2010;SimilaritÃ© :0.475
<http://data.doremus.org/performance/2aecfd2f-89ea-386e-a089-67eca193a3ab>;0933276.ttl;TchaÃ¯kovski, intÃ©grale des symphonies. Symphonie nÂ°2 et nÂ°5;26/01/2010;
;;;;
<http://data.doremus.org/performance/c6268064-46f0-3e5d-aeb5-46f24d16fa53>;10967.ttl;Orchestre Philharmonique de Radio France - Andrey Boreyko;28/01/2011;SimilaritÃ© :0.4135
<http://data.doremus.org/performance/02c05fe8-284f-3c37-9c82-6ae4c8d38d6d>;0958142.ttl;RÃ©el / virtuel. Double Points : Outis;28/01/2011;
;;;;
<http://data.doremus.org/performance/97bb954a-d54a-3fcd-90a0-4eadd61bde61>;5438.ttl;JournÃ©e Erik Satie III;08/02/2009;SimilaritÃ© :0.597
<http://data.doremus.org/performance/c141bd2b-6948-315e-b221-3ef22ce78ec2>;0954618.ttl;JournÃ©e Satie. Orchestre Lamoureux;08/02/2009;
;;;;
<http://data.doremus.org/performance/97bb954a-d54a-3fcd-90a0-4eadd61bde61>;5438.ttl;JournÃ©e Erik Satie III;08/02/2009;SimilaritÃ© :0.6295
<http://data.doremus.org/performance/5a6753f9-84d7-343c-994d-4d6daa352e3e>;0954624.ttl;JournÃ©e Satie. Le piÃ¨ge de MÃ©duse;08/02/2009;
;;;;
<http://data.doremus.org/performance/97bb954a-d54a-3fcd-90a0-4eadd61bde61>;5438.ttl;JournÃ©e Erik Satie III;08/02/2009;SimilaritÃ© :0.5485
<http://data.doremus.org/performance/895ae82f-39da-3341-b6ed-9ac1434f13f8>;0935146.ttl;JournÃ©e Satie. Alexandre Tharaud, Eric Le Sage, piano Ã  quatre mains;08/02/2009;
;;;;
<http://data.doremus.org/performance/97bb954a-d54a-3fcd-90a0-4eadd61bde61>;5438.ttl;JournÃ©e Erik Satie III;08/02/2009;SimilaritÃ© :0.593
<http://data.doremus.org/performance/669e0276-b448-3f3c-9feb-769cd11d52b0>;0954606.ttl;JournÃ©e Satie. Alexandre Tharaud;08/02/2009;
;;;;
<http://data.doremus.org/performance/97bb954a-d54a-3fcd-90a0-4eadd61bde61>;5438.ttl;JournÃ©e Erik Satie III;08/02/2009;SimilaritÃ© :0.5630000000000001
<http://data.doremus.org/performance/2de9e573-b72f-3345-908f-568a2dd0fb82>;0952834.ttl;JournÃ©e Satie. Je ne vous ferai pas une confÃ©rence, Erik Satie correspondances;08/02/2009;
;;;;
<http://data.doremus.org/performance/8c0522b7-898c-3226-9e9f-a70fcf8ca338>;10775.ttl;Ludwig van Beethoven, symphonie nÂ°9;17/04/2011;SimilaritÃ© :0.5175000000000001
<http://data.doremus.org/performance/a3b5cc4d-a00d-3000-adae-911ac369ca52>;0964315.ttl;"Beethoven visionnaire. Symphonie nÂ°9 \""Hymne Ã  la joie\""";17/04/2011;
;;;;
<http://data.doremus.org/performance/59b489f9-15d3-3a25-9152-7aff081508c3>;6483.ttl;Orchestre National d'ÃŽle-de-France;19/12/2009;SimilaritÃ© :0.486
<http://data.doremus.org/performance/8657a284-d5c7-30d5-b78a-85d88101f237>;0931417.ttl;We want more Miles. On the Corner;19/12/2009;
;;;;
<http://data.doremus.org/performance/aabb0486-0982-310c-a7fb-98929c6e483a>;10036.ttl;Les Arts Florissants - William Christie;10/11/2009;SimilaritÃ© :0.43699999999999994
<http://data.doremus.org/performance/cf106319-ca41-32c3-846f-af8a822d2ca3>;0925975.ttl;Le baroque revisitÃ©. Les Arts Florissants fÃªtent leurs 30 ans. Au temps de Port-Royal, musiques pour voix et choeur de femmes;10/11/2009;
;;;;
<http://data.doremus.org/performance/7c1e6a5d-0166-3302-a7cf-30789410be1d>;10093.ttl;Quatuor Borodine;16/01/2010;SimilaritÃ© :0.45899999999999996
<http://data.doremus.org/performance/9c1fa6e8-7b5f-374a-8beb-fbfb27bd5f6d>;0933218.ttl;4e biennale quatuors Ã  cordes. Quatuor MosaÃ¯ques;16/01/2010;
;;;;
<http://data.doremus.org/performance/7c1e6a5d-0166-3302-a7cf-30789410be1d>;10093.ttl;Quatuor Borodine;16/01/2010;SimilaritÃ© :0.4555
<http://data.doremus.org/performance/0b2bb15e-7ebd-3fc8-a736-9694d46ec190>;0932221.ttl;4e biennale quatuors Ã  cordes. Quatuor Arditti;16/01/2010;
;;;;
<http://data.doremus.org/performance/7c1e6a5d-0166-3302-a7cf-30789410be1d>;10093.ttl;Quatuor Borodine;16/01/2010;SimilaritÃ© :0.502
<http://data.doremus.org/performance/4a4c5ef3-44c4-38fb-a2cb-98a908350a98>;0933212.ttl;4e biennale quatuors Ã  cordes. Quatuor Borodine;16/01/2010;
;;;;
<http://data.doremus.org/performance/e9a9efcb-103a-3436-ad4b-c756a6073cea>;10422.ttl;Edna Stern;13/03/2010;SimilaritÃ© :0.4495
<http://data.doremus.org/performance/fea06f97-9f3f-3a00-9ced-38a0520f0081>;0935678.ttl;Laurent Garnier;13/03/2010;
;;;;
<http://data.doremus.org/performance/95e6f967-e679-3ace-839c-2acd418ab11d>;10015.ttl;Les SiÃ¨cles, FranÃ§ois-Xavier Roth, Barbara Bonney;13/03/2010;SimilaritÃ© :0.6174999999999999
<http://data.doremus.org/performance/e85d9b57-bfe8-3a17-b1ee-578c682b7cd6>;0940463.ttl;L'orchestre laboratoire. Les SiÃ¨cles, Barbara Bonney;13/03/2010;
;;;;
<http://data.doremus.org/performance/f8a78e24-d41c-3805-83b6-0d4ecb8591d3>;10762.ttl;Skip SempÃ©, Pierre HantaÃ¯;25/03/2011;SimilaritÃ© :0.47100000000000003
<http://data.doremus.org/performance/23ae7213-db73-3f1f-b58e-68701e38715f>;0962416.ttl;Les Indes baroques. Jean-Philippe Rameau;25/03/2011;
;;;;
<http://data.doremus.org/performance/6d6acfd8-dfa0-3993-81fc-c7ab90125891>;10090.ttl;Quatuor MosaÃ¯ques;16/01/2010;SimilaritÃ© :0.51
<http://data.doremus.org/performance/9c1fa6e8-7b5f-374a-8beb-fbfb27bd5f6d>;0933218.ttl;4e biennale quatuors Ã  cordes. Quatuor MosaÃ¯ques;16/01/2010;
;;;;
<http://data.doremus.org/performance/6d6acfd8-dfa0-3993-81fc-c7ab90125891>;10090.ttl;Quatuor MosaÃ¯ques;16/01/2010;SimilaritÃ© :0.4465
<http://data.doremus.org/performance/0b2bb15e-7ebd-3fc8-a736-9694d46ec190>;0932221.ttl;4e biennale quatuors Ã  cordes. Quatuor Arditti;16/01/2010;
;;;;
<http://data.doremus.org/performance/6d6acfd8-dfa0-3993-81fc-c7ab90125891>;10090.ttl;Quatuor MosaÃ¯ques;16/01/2010;SimilaritÃ© :0.4415
<http://data.doremus.org/performance/4a4c5ef3-44c4-38fb-a2cb-98a908350a98>;0933212.ttl;4e biennale quatuors Ã  cordes. Quatuor Borodine;16/01/2010;
;;;;
<http://data.doremus.org/performance/d6325557-c140-3be3-97e6-14ed89ea436b>;10722.ttl;Eric Le Sage - Quatuor EbÃ¨ne - Daishin Kashimoto - Lise Berthaud - FranÃ§ois Salque;16/10/2010;SimilaritÃ© :0.5115
<http://data.doremus.org/performance/8c4901c8-8df5-3c52-b06a-1f25445ce21c>;0949205.ttl;Week-end de musique de chambre franÃ§aise. Eric Le Sage, Quatuor EbÃ¨ne, FranÃ§ois Salque, Paul Meyer (16h);16/10/2010;
;;;;
<http://data.doremus.org/performance/47343d42-8e24-3a28-895b-310f64853420>;10774.ttl;Ludwig van Beethoven, symphonies nÂ°1 et 3;16/04/2011;SimilaritÃ© :0.5625
<http://data.doremus.org/performance/6474550b-2d1a-325a-8247-99503babc8bc>;0964313.ttl;Beethoven visionnaire. Symphonies nÂ°8 et 5;16/04/2011;
;;;;
<http://data.doremus.org/performance/47343d42-8e24-3a28-895b-310f64853420>;10774.ttl;Ludwig van Beethoven, symphonies nÂ°1 et 3;16/04/2011;SimilaritÃ© :0.5609999999999999
<http://data.doremus.org/performance/141a2d16-026f-3894-9045-80c164bcaab3>;0964314.ttl;"Beethoven visionnaire. Symphonies nÂ°1 et 3 \""Eroica\""";16/04/2011;
;;;;
<http://data.doremus.org/performance/367b2cff-bfc0-3ed2-9a6c-3a65ba487665>;10681.ttl;Deutsche Radio Philharmonie SaarbrÃ¼cken-Kaiserslautern;13/10/2010;SimilaritÃ© :0.4535
<http://data.doremus.org/performance/1eda96be-f3d1-3faf-a10a-b9e657ef4980>;0950803.ttl;Orchestre de Paris, Paavo JÃ¤rvi, Vadim Repin;13/10/2010;
;;;;
<http://data.doremus.org/performance/e8a8848d-f079-3d75-a3a0-27ba486edf3c>;6514.ttl;Anniversaire Christoph Eschenbach;17/02/2010;SimilaritÃ© :0.45
<http://data.doremus.org/performance/0a7e3e70-a9ec-332c-b81e-b713c9066f15>;0934775.ttl;Orchestre Divertimento;17/02/2010;
;;;;
<http://data.doremus.org/performance/2aa86349-b13d-3e29-85d0-24e49de81bbb>;5437.ttl;JournÃ©e Erik Satie V;08/02/2009;SimilaritÃ© :0.626
<http://data.doremus.org/performance/c141bd2b-6948-315e-b221-3ef22ce78ec2>;0954618.ttl;JournÃ©e Satie. Orchestre Lamoureux;08/02/2009;
;;;;
<http://data.doremus.org/performance/2aa86349-b13d-3e29-85d0-24e49de81bbb>;5437.ttl;JournÃ©e Erik Satie V;08/02/2009;SimilaritÃ© :0.663
<http://data.doremus.org/performance/5a6753f9-84d7-343c-994d-4d6daa352e3e>;0954624.ttl;JournÃ©e Satie. Le piÃ¨ge de MÃ©duse;08/02/2009;
;;;;
<http://data.doremus.org/performance/2aa86349-b13d-3e29-85d0-24e49de81bbb>;5437.ttl;JournÃ©e Erik Satie V;08/02/2009;SimilaritÃ© :0.5425
<http://data.doremus.org/performance/895ae82f-39da-3341-b6ed-9ac1434f13f8>;0935146.ttl;JournÃ©e Satie. Alexandre Tharaud, Eric Le Sage, piano Ã  quatre mains;08/02/2009;
;;;;
<http://data.doremus.org/performance/2aa86349-b13d-3e29-85d0-24e49de81bbb>;5437.ttl;JournÃ©e Erik Satie V;08/02/2009;SimilaritÃ© :0.606
<http://data.doremus.org/performance/669e0276-b448-3f3c-9feb-769cd11d52b0>;0954606.ttl;JournÃ©e Satie. Alexandre Tharaud;08/02/2009;
;;;;
<http://data.doremus.org/performance/2aa86349-b13d-3e29-85d0-24e49de81bbb>;5437.ttl;JournÃ©e Erik Satie V;08/02/2009;SimilaritÃ© :0.5635
<http://data.doremus.org/performance/2de9e573-b72f-3345-908f-568a2dd0fb82>;0952834.ttl;JournÃ©e Satie. Je ne vous ferai pas une confÃ©rence, Erik Satie correspondances;08/02/2009;
;;;;
<http://data.doremus.org/performance/37cfe330-4b30-3fb6-bd68-2fc4a32ac714>;10068.ttl;Kind of Porgy & Bess / Electric Miles;18/12/2009;SimilaritÃ© :0.63
<http://data.doremus.org/performance/c5e3f555-c9e5-3cd8-a277-971b3c9e081d>;0931409.ttl;We want more Miles. Electric Miles;18/12/2009;
;;;;
<http://data.doremus.org/performance/37cfe330-4b30-3fb6-bd68-2fc4a32ac714>;10068.ttl;Kind of Porgy & Bess / Electric Miles;18/12/2009;SimilaritÃ© :0.4755
<http://data.doremus.org/performance/87b703d6-e155-3bfc-ab27-900c16abd9b6>;0931414.ttl;We want more Miles. Electric Miles. Kind of Porgy and Bess;18/12/2009;
;;;;
<http://data.doremus.org/performance/d98b6cad-1bc4-35a6-9968-a91a01098fb8>;6473.ttl;Les SiÃ¨cles - Joseph Haydn;06/12/2009;SimilaritÃ© :0.627
<http://data.doremus.org/performance/e15affdd-7b7f-3334-8f9e-eea13de50586>;0927834.ttl;Concert Ã©ducatif. Les SiÃ¨cles - Joseph Haydn;06/12/2009;
;;;;
<http://data.doremus.org/performance/b7d49be0-1c45-371b-905d-4deaea3323ea>;10421.ttl;Edna Stern;13/03/2010;SimilaritÃ© :0.4495
<http://data.doremus.org/performance/fea06f97-9f3f-3a00-9ced-38a0520f0081>;0935678.ttl;Laurent Garnier;13/03/2010;
;;;;
<http://data.doremus.org/performance/42bc7ca4-1689-3184-a18b-0939e83b1b67>;10921.ttl;Orquesta AragÃ³n : Cha-cha-cha, Charanga ...;23/12/2010;SimilaritÃ© :0.6715
<http://data.doremus.org/performance/a80a0a5e-408e-38b1-b642-d7ab80f71ea2>;0951666.ttl;Orquesta Aragon;23/12/2010;
;;;;
<http://data.doremus.org/performance/bd0b8864-9b3e-3b80-adf8-5e34fec89bd7>;11173.ttl;Mythes, contes et lÃ©gendes de la musique franÃ§aise;25/03/2011;SimilaritÃ© :0.46599999999999997
<http://data.doremus.org/performance/23ae7213-db73-3f1f-b58e-68701e38715f>;0962416.ttl;Les Indes baroques. Jean-Philippe Rameau;25/03/2011;
;;;;
<http://data.doremus.org/performance/740cb341-1392-351e-87ff-5a2ef585e86e>;10185.ttl;Bollywood Flashback (Inde du Nord);25/06/2010;SimilaritÃ© :0.429
<http://data.doremus.org/performance/936b9bbb-513c-3927-ad62-e310be8ca80d>;0943455.ttl;Le continent indien, de la tradition Ã  Bollywood. Bollywood Flashback (Inde du Nord). Ek anokha safaar (Un voyage insolite, crÃ©ation);25/06/2010;
;;;;
<http://data.doremus.org/performance/139b8c67-173f-3cf8-a9a5-5e65f6ec33fe>;11020.ttl;Rising Stars : Apollon Musagete Quartet;13/01/2011;SimilaritÃ© :0.4305
<http://data.doremus.org/performance/2abf43e2-e7a6-36d0-9745-f8580baabaa7>;0957530.ttl;Orchestre de Paris, Paavo JÃ¤rvi, Janine Jansen, Antoine Tamestit;13/01/2011;
;;;;
<http://data.doremus.org/performance/3c9d3358-dc71-370a-a417-842c61598adb>;10092.ttl;Quatuor Arditti - Quatuor Hagen;16/01/2010;SimilaritÃ© :0.5275
<http://data.doremus.org/performance/9c1fa6e8-7b5f-374a-8beb-fbfb27bd5f6d>;0933218.ttl;4e biennale quatuors Ã  cordes. Quatuor MosaÃ¯ques;16/01/2010;
;;;;
<http://data.doremus.org/performance/3c9d3358-dc71-370a-a417-842c61598adb>;10092.ttl;Quatuor Arditti - Quatuor Hagen;16/01/2010;SimilaritÃ© :0.521
<http://data.doremus.org/performance/0b2bb15e-7ebd-3fc8-a736-9694d46ec190>;0932221.ttl;4e biennale quatuors Ã  cordes. Quatuor Arditti;16/01/2010;
;;;;
<http://data.doremus.org/performance/3c9d3358-dc71-370a-a417-842c61598adb>;10092.ttl;Quatuor Arditti - Quatuor Hagen;16/01/2010;SimilaritÃ© :0.5125
<http://data.doremus.org/performance/4a4c5ef3-44c4-38fb-a2cb-98a908350a98>;0933212.ttl;4e biennale quatuors Ã  cordes. Quatuor Borodine;16/01/2010;
;;;;
<http://data.doremus.org/performance/0356ca1b-25bb-3327-82eb-d5942fd6d00d>;10727.ttl;Orchestre RÃ©volutionnaire et Romantique - Gardiner - Zehetmair - PoltÃ©ra;23/10/2010;SimilaritÃ© :0.431
<http://data.doremus.org/performance/a1162f64-b35d-3150-9c6a-ad086b727cad>;0950688.ttl;Concert Ã©ducatif. Tambours sabar du SÃ©nÃ©gal;23/10/2010;
;;;;
<http://data.doremus.org/performance/55854687-72ef-32db-b8e8-f226bb4da254>;10698.ttl;Ensemble intercontemporain;27/11/2010;SimilaritÃ© :0.621
<http://data.doremus.org/performance/2d2f38f6-c084-32be-8986-ee1eb2c30daf>;0951661.ttl;L'art total. Ensemble intercontemporain, Bruno Mantovani;27/11/2010;
;;;;
<http://data.doremus.org/performance/1b96788c-d885-39d4-b199-b409c9375506>;5481.ttl;L'Incoronazione di Poppea;07/06/2009;SimilaritÃ© :0.5085
<http://data.doremus.org/performance/398bccef-ef71-3e30-b326-150ab46d19e2>;0907954.ttl;4e biennale d'art vocal. L'incoronazione di Poppea de Claudio Monteverdi;07/06/2009;
;;;;
<http://data.doremus.org/performance/7cd25a6b-0382-3627-8337-5b3111d1babb>;5752.ttl;Carte blanche aux jeunes solistes du;07/03/2009;SimilaritÃ© :0.413
<http://data.doremus.org/performance/3e3d50a3-51d4-3dc9-a870-bc8726b64d7c>;1070561.ttl;La petite renarde rusÃ©e;07/03/2009;
;;;;
<http://data.doremus.org/performance/7cd25a6b-0382-3627-8337-5b3111d1babb>;5752.ttl;Carte blanche aux jeunes solistes du;07/03/2009;SimilaritÃ© :0.413
<http://data.doremus.org/performance/3e3d50a3-51d4-3dc9-a870-bc8726b64d7c>;1070561.ttl;La petite renarde rusÃ©e;07/03/2009;
;;;;
<http://data.doremus.org/performance/13463d8d-5a0a-354b-84fb-4183b7b68c15>;10556.ttl;Marc Ducret Grand Ensemble;06/09/2009;SimilaritÃ© :0.383
<http://data.doremus.org/performance/bcfd25ea-c656-3c89-9ac5-3508f7704b3d>;0920465.ttl;Jazz Ã  la Villette. Limousine;06/09/2009;
;;;;
<http://data.doremus.org/performance/13463d8d-5a0a-354b-84fb-4183b7b68c15>;10556.ttl;Marc Ducret Grand Ensemble;06/09/2009;SimilaritÃ© :0.3915
<http://data.doremus.org/performance/fdbbeca1-a8ac-3a53-8517-386b96933611>;0920432.ttl;Jazz Ã  la Villette. Elysian Fields feat. Don Byron;06/09/2009;
;;;;
<http://data.doremus.org/performance/28cd66d4-acb2-35c9-807b-244abc244bca>;10091.ttl;Quatuor Casals;16/01/2010;SimilaritÃ© :0.45599999999999996
<http://data.doremus.org/performance/9c1fa6e8-7b5f-374a-8beb-fbfb27bd5f6d>;0933218.ttl;4e biennale quatuors Ã  cordes. Quatuor MosaÃ¯ques;16/01/2010;
;;;;
<http://data.doremus.org/performance/28cd66d4-acb2-35c9-807b-244abc244bca>;10091.ttl;Quatuor Casals;16/01/2010;SimilaritÃ© :0.44099999999999995
<http://data.doremus.org/performance/0b2bb15e-7ebd-3fc8-a736-9694d46ec190>;0932221.ttl;4e biennale quatuors Ã  cordes. Quatuor Arditti;16/01/2010;
;;;;
<http://data.doremus.org/performance/28cd66d4-acb2-35c9-807b-244abc244bca>;10091.ttl;Quatuor Casals;16/01/2010;SimilaritÃ© :0.436
<http://data.doremus.org/performance/4a4c5ef3-44c4-38fb-a2cb-98a908350a98>;0933212.ttl;4e biennale quatuors Ã  cordes. Quatuor Borodine;16/01/2010;
;;;;
<http://data.doremus.org/performance/6870d838-051f-38ad-8f4a-6ed6749fba7e>;10818.ttl;Brassens aujourd'hui;16/03/2011;SimilaritÃ© :0.6094999999999999
<http://data.doremus.org/performance/7856d8a0-3aef-3e2f-b806-c46ee6a43fa5>;0961827.ttl;Brassens ou la libertÃ©. Brassens aujourd'hui;16/03/2011;
;;;;
<http://data.doremus.org/performance/ad485259-1667-3c47-8eef-30e423d9b758>;10551.ttl;"De La Soul \""20 years High And Rising\"" - The Herbaliser";09/09/2009;SimilaritÃ© :0.5355
<http://data.doremus.org/performance/47fbc5cc-548a-3301-bb00-b25ba8c8efe5>;0925014.ttl;Jazz Ã  la Villette. De La Soul, 20 Years High and Rising;09/09/2009;
;;;;
<http://data.doremus.org/performance/ad485259-1667-3c47-8eef-30e423d9b758>;10551.ttl;"De La Soul \""20 years High And Rising\"" - The Herbaliser";09/09/2009;SimilaritÃ© :0.49749999999999994
<http://data.doremus.org/performance/8acc53bf-5c97-3672-b0ee-dba74928d400>;0925003.ttl;Jazz Ã  la Villette. The Herbaliser;09/09/2009;
;;;;
<http://data.doremus.org/performance/b5fbebdc-b2eb-3bba-adc4-941742721d4a>;11104.ttl;Solistes des Berliner Philharmoniker - Yuja Wang;20/03/2011;SimilaritÃ© :0.4555
<http://data.doremus.org/performance/7582efd4-8fa2-367e-9a41-db3f4b21f1a9>;0961895.ttl;LeÃ§on de musique. InterprÃ©ter Mozart et Chopin.;20/03/2011;
;;;;
<http://data.doremus.org/performance/1ea68eb5-abd6-30e2-9270-56539bb9e285>;5439.ttl;JournÃ©e Erik Satie VI;08/02/2009;SimilaritÃ© :0.617
<http://data.doremus.org/performance/c141bd2b-6948-315e-b221-3ef22ce78ec2>;0954618.ttl;JournÃ©e Satie. Orchestre Lamoureux;08/02/2009;
;;;;
<http://data.doremus.org/performance/1ea68eb5-abd6-30e2-9270-56539bb9e285>;5439.ttl;JournÃ©e Erik Satie VI;08/02/2009;SimilaritÃ© :0.6335
<http://data.doremus.org/performance/5a6753f9-84d7-343c-994d-4d6daa352e3e>;0954624.ttl;JournÃ©e Satie. Le piÃ¨ge de MÃ©duse;08/02/2009;
;;;;
<http://data.doremus.org/performance/1ea68eb5-abd6-30e2-9270-56539bb9e285>;5439.ttl;JournÃ©e Erik Satie VI;08/02/2009;SimilaritÃ© :0.553
<http://data.doremus.org/performance/895ae82f-39da-3341-b6ed-9ac1434f13f8>;0935146.ttl;JournÃ©e Satie. Alexandre Tharaud, Eric Le Sage, piano Ã  quatre mains;08/02/2009;
;;;;
<http://data.doremus.org/performance/1ea68eb5-abd6-30e2-9270-56539bb9e285>;5439.ttl;JournÃ©e Erik Satie VI;08/02/2009;SimilaritÃ© :0.597
<http://data.doremus.org/performance/669e0276-b448-3f3c-9feb-769cd11d52b0>;0954606.ttl;JournÃ©e Satie. Alexandre Tharaud;08/02/2009;
;;;;
<http://data.doremus.org/performance/1ea68eb5-abd6-30e2-9270-56539bb9e285>;5439.ttl;JournÃ©e Erik Satie VI;08/02/2009;SimilaritÃ© :0.559
<http://data.doremus.org/performance/2de9e573-b72f-3345-908f-568a2dd0fb82>;0952834.ttl;JournÃ©e Satie. Je ne vous ferai pas une confÃ©rence, Erik Satie correspondances;08/02/2009;
;;;;
<http://data.doremus.org/performance/da151038-1830-3839-ab83-e531e2a022ca>;10094.ttl;Quatuor YsaÃ¿e;17/01/2010;SimilaritÃ© :0.432
<http://data.doremus.org/performance/3bb6581b-16b4-354f-b5b2-f1adece4be1e>;0933237.ttl;4e biennale quatuors Ã  cordes. Quatuor YsaÃ¿e;17/01/2010;
;;;;
<http://data.doremus.org/performance/da151038-1830-3839-ab83-e531e2a022ca>;10094.ttl;Quatuor YsaÃ¿e;17/01/2010;SimilaritÃ© :0.387
<http://data.doremus.org/performance/627de14a-6690-35dd-948b-9ba600799c5e>;0933221.ttl;4e biennale quatuors Ã  cordes. Quatuor PrazÃ k;17/01/2010;
;;;;
<http://data.doremus.org/performance/652c4e80-0199-3562-83cb-a718150333d1>;5426.ttl;Chamber Orchestra of Europe;24/01/2009;SimilaritÃ© :0.4515
<http://data.doremus.org/performance/3395fdb9-e568-3ee8-b71a-eecd639da2fc>;0896295.ttl;Orchestre national de Russie;24/01/2009;
;;;;
<http://data.doremus.org/performance/35505105-267b-3df3-97f5-588de076bb81>;10049.ttl;Tsiganes : csardas;22/11/2009;SimilaritÃ© :0.5155
<http://data.doremus.org/performance/3b90d983-8d98-3285-acdc-cdeef7589cd5>;0927493.ttl;IdentitÃ©s hongroises. Tsiganes : csardas;22/11/2009;
;;;;
<http://data.doremus.org/performance/ae3644bb-b29d-3062-b85a-efb1c7093a1b>;5716.ttl;Chantez!;28/03/2009;SimilaritÃ© :0.45549999999999996
<http://data.doremus.org/performance/3d422753-2614-3481-9116-ba20ff17c549>;0902017.ttl;Concert Ã©ducatif. Chantez !;28/03/2009;
;;;;
<http://data.doremus.org/performance/c3d21d66-4261-3d91-9a70-e66c3bbb84a5>;5440.ttl;MandÃ©kalou;14/02/2009;SimilaritÃ© :0.5455
<http://data.doremus.org/performance/69d17eee-9827-3b63-910b-214f944817e2>;0897979.ttl;MandÃ©kalou, l'Ã©popÃ©e mandingue par les griots du Mali et de la GuinÃ©e;14/02/2009;
;;;;
<http://data.doremus.org/performance/bf6e3487-b35c-37c9-86d4-58a740be472e>;12070.ttl;Fleet Foxes;04/07/2011;SimilaritÃ© :0.493
<http://data.doremus.org/performance/6efa48d8-ffd5-3b23-8d69-0380a25a7208>;0971168.ttl;Festival Days Off. The Fleet Foxes;04/07/2011;
;;;;
<http://data.doremus.org/performance/dea7c1b0-e32d-3e68-ae18-8de71bc3085e>;10713.ttl;Orchestre de Paris - Christoph von DohnÃ¡nyi - Martin Helmchen ;29/09/2010;SimilaritÃ© :0.45199999999999996
<http://data.doremus.org/performance/2f07597c-1c79-3911-b725-533577af5d4b>;0948888.ttl;Chamber Orchestra of Europe, Maria-Joao Pires;29/09/2010;
;;;;
<http://data.doremus.org/performance/6509ac2c-6138-334e-8a09-395e7d3126be>;11795.ttl;Orchestre de Paris - PrÃ©lude au concert;01/12/2010;SimilaritÃ© :0.657
<http://data.doremus.org/performance/79f23e46-2be0-3abf-b031-2ee727b72188>;0954229.ttl;Orchestre de Paris, Dmitri Slobodeniouk, Gil Shaham;01/12/2010;
;;;;
<http://data.doremus.org/performance/ecf14b0e-3ee5-30f2-9982-625b0c964176>;10771.ttl;Ludwig van Beethoven, symphonies nÂ°4 et 7 ;14/04/2011;SimilaritÃ© :0.616
<http://data.doremus.org/performance/14e751cd-6bf2-3d22-a8e3-2618077ff050>;0964311.ttl;Beethoven visionnaire. Symphonies nÂ°4 et 7;14/04/2011;
;;;;
<http://data.doremus.org/performance/7673d5f3-d789-382e-9475-218d4dc2c816>;10611.ttl;Carl Craig Special Jazz Dj Set ;10/09/2009;SimilaritÃ© :0.465
<http://data.doremus.org/performance/e2e1b0e5-608c-384e-bb28-65f2667cddd4>;0919695.ttl;Jazz Ã  la Villette. Carl Craig presents Tribe;10/09/2009;
;;;;
<http://data.doremus.org/performance/b91a73dd-96a8-3819-8111-b356c81ef0c6>;10721.ttl;Eric Le Sage - Quatuor EbÃ¨ne - FranÃ§ois Salque - Paul Meyer ;16/10/2010;SimilaritÃ© :0.513
<http://data.doremus.org/performance/81c0a2b5-41ac-3edb-a890-1650f72d7a6f>;0949207.ttl;Week-end de musique de chambre franÃ§aise. Eric Le Sage, Quatuor EbÃ¨ne (20 h);16/10/2010;
;;;;
<http://data.doremus.org/performance/1ec987a5-1744-3f00-a6d6-ae9a240a7af6>;6539.ttl;Orchestre de Paris;27/05/2010;SimilaritÃ© :0.648
<http://data.doremus.org/performance/de38854f-39fb-375f-914f-ee0e2fed86cc>;0942572.ttl;Orchestre de Paris. Pierre Boulez, un certain parcours;27/05/2010;
;;;;
<http://data.doremus.org/performance/f68dc159-53ca-31ae-98a4-8711e9a00bbc>;11105.ttl;Solistes des Berliner Philharmoniker - Yuja Wang;20/03/2011;SimilaritÃ© :0.4555
<http://data.doremus.org/performance/7582efd4-8fa2-367e-9a41-db3f4b21f1a9>;0961895.ttl;LeÃ§on de musique. InterprÃ©ter Mozart et Chopin.;20/03/2011;
;;;;
<http://data.doremus.org/performance/01204e3d-f949-3c4b-9064-d66a0c6956ce>;11013.ttl;Orchestre Philharmonique de Radio France - Christian Vasquez - Frank Peter Zimmermann;25/03/2011;SimilaritÃ© :0.44499999999999995
<http://data.doremus.org/performance/23ae7213-db73-3f1f-b58e-68701e38715f>;0962416.ttl;Les Indes baroques. Jean-Philippe Rameau;25/03/2011;
;;;;
<http://data.doremus.org/performance/12c817cb-a2f4-3386-98d4-f89f430794a8>;5435.ttl;JournÃ©e Erik Satie II;08/02/2009;SimilaritÃ© :0.617
<http://data.doremus.org/performance/c141bd2b-6948-315e-b221-3ef22ce78ec2>;0954618.ttl;JournÃ©e Satie. Orchestre Lamoureux;08/02/2009;
;;;;
<http://data.doremus.org/performance/12c817cb-a2f4-3386-98d4-f89f430794a8>;5435.ttl;JournÃ©e Erik Satie II;08/02/2009;SimilaritÃ© :0.6335
<http://data.doremus.org/performance/5a6753f9-84d7-343c-994d-4d6daa352e3e>;0954624.ttl;JournÃ©e Satie. Le piÃ¨ge de MÃ©duse;08/02/2009;
;;;;
<http://data.doremus.org/performance/12c817cb-a2f4-3386-98d4-f89f430794a8>;5435.ttl;JournÃ©e Erik Satie II;08/02/2009;SimilaritÃ© :0.553
<http://data.doremus.org/performance/895ae82f-39da-3341-b6ed-9ac1434f13f8>;0935146.ttl;JournÃ©e Satie. Alexandre Tharaud, Eric Le Sage, piano Ã  quatre mains;08/02/2009;
;;;;
<http://data.doremus.org/performance/12c817cb-a2f4-3386-98d4-f89f430794a8>;5435.ttl;JournÃ©e Erik Satie II;08/02/2009;SimilaritÃ© :0.597
<http://data.doremus.org/performance/669e0276-b448-3f3c-9feb-769cd11d52b0>;0954606.ttl;JournÃ©e Satie. Alexandre Tharaud;08/02/2009;
;;;;
<http://data.doremus.org/performance/12c817cb-a2f4-3386-98d4-f89f430794a8>;5435.ttl;JournÃ©e Erik Satie II;08/02/2009;SimilaritÃ© :0.5680000000000001
<http://data.doremus.org/performance/2de9e573-b72f-3345-908f-568a2dd0fb82>;0952834.ttl;JournÃ©e Satie. Je ne vous ferai pas une confÃ©rence, Erik Satie correspondances;08/02/2009;
;;;;
<http://data.doremus.org/performance/07efb6e2-460b-3e62-8252-057679b88959>;10864.ttl;Bryn Terfel - MÃ¼nchner Rundfunkorchester ;05/11/2010;SimilaritÃ© :0.438
<http://data.doremus.org/performance/9c044764-10cd-353f-a753-2091461a5aed>;0950690.ttl;Les musiciens de Brecht. Nada Strancar chante Brecht / Dessau;05/11/2010;
;;;;
<http://data.doremus.org/performance/c254a303-fbbb-31e5-8599-9a233eb44ac2>;6327.ttl;JournÃ©e Erik Satie I;08/02/2009;SimilaritÃ© :0.626
<http://data.doremus.org/performance/c141bd2b-6948-315e-b221-3ef22ce78ec2>;0954618.ttl;JournÃ©e Satie. Orchestre Lamoureux;08/02/2009;
;;;;
<http://data.doremus.org/performance/c254a303-fbbb-31e5-8599-9a233eb44ac2>;6327.ttl;JournÃ©e Erik Satie I;08/02/2009;SimilaritÃ© :0.663
<http://data.doremus.org/performance/5a6753f9-84d7-343c-994d-4d6daa352e3e>;0954624.ttl;JournÃ©e Satie. Le piÃ¨ge de MÃ©duse;08/02/2009;
;;;;
<http://data.doremus.org/performance/c254a303-fbbb-31e5-8599-9a233eb44ac2>;6327.ttl;JournÃ©e Erik Satie I;08/02/2009;SimilaritÃ© :0.5425
<http://data.doremus.org/performance/895ae82f-39da-3341-b6ed-9ac1434f13f8>;0935146.ttl;JournÃ©e Satie. Alexandre Tharaud, Eric Le Sage, piano Ã  quatre mains;08/02/2009;
;;;;
<http://data.doremus.org/performance/c254a303-fbbb-31e5-8599-9a233eb44ac2>;6327.ttl;JournÃ©e Erik Satie I;08/02/2009;SimilaritÃ© :0.606
<http://data.doremus.org/performance/669e0276-b448-3f3c-9feb-769cd11d52b0>;0954606.ttl;JournÃ©e Satie. Alexandre Tharaud;08/02/2009;
;;;;
<http://data.doremus.org/performance/c254a303-fbbb-31e5-8599-9a233eb44ac2>;6327.ttl;JournÃ©e Erik Satie I;08/02/2009;SimilaritÃ© :0.5635
<http://data.doremus.org/performance/2de9e573-b72f-3345-908f-568a2dd0fb82>;0952834.ttl;JournÃ©e Satie. Je ne vous ferai pas une confÃ©rence, Erik Satie correspondances;08/02/2009;
;;;;
<http://data.doremus.org/performance/76b78e92-5208-3ac1-92e7-007645d9d052>;10587.ttl;HÃ©lÃ¨ne LabarriÃ¨re & Friends;06/09/2009;SimilaritÃ© :0.4325
<http://data.doremus.org/performance/fdbbeca1-a8ac-3a53-8517-386b96933611>;0920432.ttl;Jazz Ã  la Villette. Elysian Fields feat. Don Byron;06/09/2009;
;;;;
<http://data.doremus.org/performance/c61acbb0-bd6c-354d-8b5e-1f30e619ae05>;10772.ttl;Ludwig van Beethoven , symphonies nÂ° 2 et 6;15/04/2011;SimilaritÃ© :0.616
<http://data.doremus.org/performance/89712c4a-465a-3092-808a-66efe7f70bcd>;0964312.ttl;Beethoven visionnaire. Symphonies nÂ°2 et 6;15/04/2011;
;;;;
<http://data.doremus.org/performance/bc40b7be-09b9-37be-995d-7295ac6f76b0>;10035.ttl;Les Arts florissants - Jonathan Cohen;08/11/2009;SimilaritÃ© :0.514
<http://data.doremus.org/performance/b145410a-1e1c-355e-91d7-43723af8a188>;0925942.ttl;Le baroque revisitÃ©. Les Arts Florissants fÃªtent leurs 30 ans. Gluck, Mozart, Haydn;08/11/2009;
;;;;
<http://data.doremus.org/performance/b160d081-d700-308f-ac7d-ac181dca4a30>;10034.ttl;Les Arts Florissants - Paul Agnew;07/11/2009;SimilaritÃ© :0.422
<http://data.doremus.org/performance/f291612f-327e-36a8-9b94-199b9c461bf6>;0925901.ttl;Le baroque revisitÃ©. Les Arts Florissants fÃªtent leurs 30 ans. Claudio Monteverdi, Madrigaux (Livre VI);07/11/2009;
;;;;
<http://data.doremus.org/performance/b35e29e2-2373-34f7-bd3a-7e6cdf7fd2e4>;12094.ttl;Cinematic Orchestra / Mulatu AstatkÃ©;01/09/2011;SimilaritÃ© :0.6020000000000001
<http://data.doremus.org/performance/40569b85-aaf6-33d9-a06d-4ad104e11ddb>;0974510.ttl;Jazz Ã  la Villette. Mulatu Astatke;01/09/2011;
;;;;
<http://data.doremus.org/performance/0fd73fcf-c2ba-3b05-99c6-8c2073b953ac>;10509.ttl;Le Bourgeois gentilhomme;13/03/2010;SimilaritÃ© :0.4255
<http://data.doremus.org/performance/fea06f97-9f3f-3a00-9ced-38a0520f0081>;0935678.ttl;Laurent Garnier;13/03/2010;
;;;;
<http://data.doremus.org/performance/0fd73fcf-c2ba-3b05-99c6-8c2073b953ac>;10509.ttl;Le Bourgeois gentilhomme;13/03/2010;SimilaritÃ© :0.51
<http://data.doremus.org/performance/513577fe-bcf6-3a13-acbe-f58250368222>;0936323.ttl;Concert Ã©ducatif. Les SiÃ¨cles - Le Bourgeois gentilhomme;13/03/2010;
;;;;
<http://data.doremus.org/performance/0955cf4d-3479-35f9-a44e-d63d05e59e2b>;11296.ttl;Anthony Joseph ;04/09/2010;SimilaritÃ© :0.401
<http://data.doremus.org/performance/afd0b36c-37a2-3e6e-b465-e6d75ee44b4c>;0948491.ttl;Jazz Ã  la Villette. Push up !;04/09/2010;
;;;;
<http://data.doremus.org/performance/6bde6838-b488-36fa-bbc5-9cbd678d5743>;10789.ttl;Orchestre National de Lille / Jean-Claude Casadesus;08/06/2011;SimilaritÃ© :0.615
<http://data.doremus.org/performance/1adbcd43-d456-3226-8371-6b3f39268eb8>;0967949.ttl;Orchestre de Paris, Esa-Pekka Salonen, David Fray;08/06/2011;
;;;;
<http://data.doremus.org/performance/6bde6838-b488-36fa-bbc5-9cbd678d5743>;10789.ttl;Orchestre National de Lille / Jean-Claude Casadesus;08/06/2011;SimilaritÃ© :0.546
<http://data.doremus.org/performance/65f35b93-ac42-3aca-a3c1-6e84cd32de9b>;0967718.ttl;5e biennale d'art vocal. Orchestre National de Lille, BBC Symphony Chorus;08/06/2011;
;;;;
<http://data.doremus.org/performance/9d80146e-8a74-308e-990c-48a5a3dea5ee>;5402.ttl;L'EpopÃ©e du Ramayana I : L'EnlÃ¨vement de Sinta;22/11/2008;SimilaritÃ© :0.46399999999999997
<http://data.doremus.org/performance/7edcbccc-580f-319f-a6c5-e98c2e72f033>;0942334.ttl;Le temps du rÃ©cit I. Concert Ã©ducatif. L'Ã©popÃ©e du Ramayana : Wayang Kulit de Java, IndonÃ©sie;22/11/2008;
;;;;
<http://data.doremus.org/performance/9d80146e-8a74-308e-990c-48a5a3dea5ee>;5402.ttl;L'EpopÃ©e du Ramayana I : L'EnlÃ¨vement de Sinta;22/11/2008;SimilaritÃ© :0.5205
<http://data.doremus.org/performance/adb7629a-2b90-39e7-95a8-fbb86e0de5de>;0954661.ttl;Le temps du rÃ©cit I. L'Ã©popÃ©e du Ramayana : l'enlÃ¨vement de Sita : thÃ©Ã¢tre d'ombres wayang kulit (IndonÃ©sie);22/11/2008;
;;;;
<http://data.doremus.org/performance/bf41773d-59b7-3361-b967-e09c4c694180>;10764.ttl;Le piano selon Lang Lang;30/03/2011;SimilaritÃ© :0.5515
<http://data.doremus.org/performance/10fb18a1-97f9-3eff-8451-4398fdff3667>;0961889.ttl;Concert Ã©ducatif. Le piano selon Lang Lang;30/03/2011;
;;;;
<http://data.doremus.org/performance/2f705cd5-c24e-3352-9a56-3a445dba2381>;6540.ttl;Orchestre de Paris;28/05/2010;SimilaritÃ© :0.648
<http://data.doremus.org/performance/06c7ef9c-9fcc-3f66-8ba2-9bb1a76c91cc>;0942481.ttl;Orchestre de Paris. Pierre Boulez, un certain parcours;28/05/2010;
;;;;
<http://data.doremus.org/performance/ee93dc85-e379-349f-8ccb-84f5d976e2f8>;6509.ttl;Orchestre de Paris;11/02/2010;SimilaritÃ© :0.396
<http://data.doremus.org/performance/3b5b76dc-46cc-368e-90e7-6cb600dd25a1>;0933825.ttl;Concert Ã©ducatif. Les SiÃ¨cles - La France romantique;11/02/2010;
;;;;
<http://data.doremus.org/performance/40aa9a75-f604-3b7b-b25c-5410d55dbfb1>;5436.ttl;JournÃ©e Erik Satie IV;08/02/2009;SimilaritÃ© :0.617
<http://data.doremus.org/performance/c141bd2b-6948-315e-b221-3ef22ce78ec2>;0954618.ttl;JournÃ©e Satie. Orchestre Lamoureux;08/02/2009;
;;;;
<http://data.doremus.org/performance/40aa9a75-f604-3b7b-b25c-5410d55dbfb1>;5436.ttl;JournÃ©e Erik Satie IV;08/02/2009;SimilaritÃ© :0.6335
<http://data.doremus.org/performance/5a6753f9-84d7-343c-994d-4d6daa352e3e>;0954624.ttl;JournÃ©e Satie. Le piÃ¨ge de MÃ©duse;08/02/2009;
;;;;
<http://data.doremus.org/performance/40aa9a75-f604-3b7b-b25c-5410d55dbfb1>;5436.ttl;JournÃ©e Erik Satie IV;08/02/2009;SimilaritÃ© :0.553
<http://data.doremus.org/performance/895ae82f-39da-3341-b6ed-9ac1434f13f8>;0935146.ttl;JournÃ©e Satie. Alexandre Tharaud, Eric Le Sage, piano Ã  quatre mains;08/02/2009;
;;;;
<http://data.doremus.org/performance/40aa9a75-f604-3b7b-b25c-5410d55dbfb1>;5436.ttl;JournÃ©e Erik Satie IV;08/02/2009;SimilaritÃ© :0.597
<http://data.doremus.org/performance/669e0276-b448-3f3c-9feb-769cd11d52b0>;0954606.ttl;JournÃ©e Satie. Alexandre Tharaud;08/02/2009;
;;;;
<http://data.doremus.org/performance/40aa9a75-f604-3b7b-b25c-5410d55dbfb1>;5436.ttl;JournÃ©e Erik Satie IV;08/02/2009;SimilaritÃ© :0.559
<http://data.doremus.org/performance/2de9e573-b72f-3345-908f-568a2dd0fb82>;0952834.ttl;JournÃ©e Satie. Je ne vous ferai pas une confÃ©rence, Erik Satie correspondances;08/02/2009;
;;;;
<http://data.doremus.org/performance/da6626b2-da8f-3bdd-a1b0-ca9eed986426>;10750.ttl;The Fairy Queen de Henry Purcell;15/02/2011;SimilaritÃ© :0.444
<http://data.doremus.org/performance/d3202350-a71e-3511-bb10-da48f578da1e>;0959379.ttl;Le paradis. The Fairy Queen;15/02/2011;
;;;;
<http://data.doremus.org/performance/c12af757-10a8-38c3-b4d9-d08658557ca4>;10095.ttl;Quatuor Zemlinsky;17/01/2010;SimilaritÃ© :0.417
<http://data.doremus.org/performance/3bb6581b-16b4-354f-b5b2-f1adece4be1e>;0933237.ttl;4e biennale quatuors Ã  cordes. Quatuor YsaÃ¿e;17/01/2010;
;;;;
<http://data.doremus.org/performance/b3ce62d2-f1a3-3987-98e5-6453efa53491>;11667.ttl;TakÃ¡cs Quartet / Marc Coppey;21/01/2012;SimilaritÃ© :0.5445
<http://data.doremus.org/performance/2d880c81-9bd1-366d-971b-ab383bcbb834>;0981078.ttl;5e biennale quatuors Ã  cordes. TakÃ cs Quartet, Marc Coppey;21/01/2012;
;;;;
<http://data.doremus.org/performance/b3ce62d2-f1a3-3987-98e5-6453efa53491>;11667.ttl;TakÃ¡cs Quartet / Marc Coppey;21/01/2012;SimilaritÃ© :0.394
<http://data.doremus.org/performance/c5cdf8da-e918-3d82-b9bc-5dcf0c2d9e59>;0980797.ttl;5e biennale quatuors Ã  cordes : PrazÃ k Quartet, Vladimir Bukac;21/01/2012;
;;;;
<http://data.doremus.org/performance/6780bdb6-7770-323a-9933-44d24fcd5727>;11457.ttl;Castrats divas;17/11/2011;SimilaritÃ© :0.5115000000000001
<http://data.doremus.org/performance/5c2c97d2-9e6a-3780-8dd7-ca098738571a>;0977240.ttl;Masculin / FÃ©minin. Castrats divas;17/11/2011;
;;;;
<http://data.doremus.org/performance/13285c90-9abd-3676-ba8c-14ffaf2d61e3>;11743.ttl;Week-end Schubert / Korngold;16/10/2011;SimilaritÃ© :0.48550000000000004
<http://data.doremus.org/performance/f9894838-0bae-39f4-a82d-da5e88df7592>;0976461.ttl;Steve Reich, pulsations. Notes +;16/10/2011;
;;;;
<http://data.doremus.org/performance/ae6caaae-de4c-345a-84b1-852892107516>;11505.ttl;Quatuor YsaÃ¿e;21/01/2012;SimilaritÃ© :0.432
<http://data.doremus.org/performance/3342a06e-a0db-3cf0-8864-19c996e2fc62>;0980052.ttl;5e biennale quatuors Ã  cordes : Quatuor YsaÃ¿e;21/01/2012;
;;;;
<http://data.doremus.org/performance/d3c0a048-070d-399d-b395-55996071c85a>;11547.ttl;Ensemble intercontemporain / Alain Altinoglu / Nora Gubisch;25/04/2012;SimilaritÃ© :0.49449999999999994
<http://data.doremus.org/performance/7090473d-ef51-318e-a839-89e4867c5420>;0987023.ttl;Nora Gubisch, Ensemble intercontemporain;25/04/2012;
;;;;
<http://data.doremus.org/performance/fcdc5e21-8dd7-3801-81d9-89a78baf5ba7>;12815.ttl;Avant ScÃ¨nes - Orchestre des LaurÃ©ats du Conservatoire de Paris;02/04/2013;SimilaritÃ© :0.5015000000000001
<http://data.doremus.org/performance/dd7ae730-abe4-3749-8a25-0438e00737b2>;1001586.ttl;Le Jardin des Voix : concert des LaurÃ©ats du 6Ã¨me Jardin des Voix;02/04/2013;
;;;;
<http://data.doremus.org/performance/cac32baa-ec14-362f-a50e-9d1337ca012d>;13261.ttl;Orchestre de Paris - Georges PrÃªtre - Katia & Marielle LabÃ¨que;25/09/2013;SimilaritÃ© :0.6154999999999999
<http://data.doremus.org/performance/3ccfeec5-c7fb-3b5a-a984-6c7a52148072>;1008362.ttl;Orchestre de Paris, Andris Poga;25/09/2013;
;;;;
<http://data.doremus.org/performance/14c52acc-5dc2-32ba-a988-543872a338e8>;13173.ttl;Holograms / Cheveu / Kap Bambino;26/10/2013;SimilaritÃ© :0.42100000000000004
<http://data.doremus.org/performance/c01468e1-6fe2-389e-abc8-6d5657c6009f>;1010258.ttl;Europunk. Cheveu;26/10/2013;
;;;;
<http://data.doremus.org/performance/31224350-40ae-3564-a0c8-d9b2e531708f>;12768.ttl;Emilie Simon;29/04/2012;SimilaritÃ© :0.6455
<http://data.doremus.org/performance/9b659b22-488d-3dd7-b061-aa57cdfd6cdb>;0987470.ttl;"Emilie Simon, \""a night with Franky\""";29/04/2012;
;;;;
<http://data.doremus.org/performance/f01382e5-c8a2-339b-9001-fcd6379d9a0a>;11519.ttl;Le Martyre de saint SÃ©bastien / Debussy;31/01/2012;SimilaritÃ© :0.611
<http://data.doremus.org/performance/81494b02-21f6-36cf-88d9-f7b080aa523a>;0980782.ttl;L'esprit Debussy. Le Martyre de saint SÃ©bastien;31/01/2012;
;;;;
<http://data.doremus.org/performance/024fb342-a011-31c2-9847-1b062b288a69>;11506.ttl;PrazÃ¡k Quartet / Vladimir Bukac;21/01/2012;SimilaritÃ© :0.432
<http://data.doremus.org/performance/2d880c81-9bd1-366d-971b-ab383bcbb834>;0981078.ttl;5e biennale quatuors Ã  cordes. TakÃ cs Quartet, Marc Coppey;21/01/2012;
;;;;
<http://data.doremus.org/performance/024fb342-a011-31c2-9847-1b062b288a69>;11506.ttl;PrazÃ¡k Quartet / Vladimir Bukac;21/01/2012;SimilaritÃ© :0.6060000000000001
<http://data.doremus.org/performance/c5cdf8da-e918-3d82-b9bc-5dcf0c2d9e59>;0980797.ttl;5e biennale quatuors Ã  cordes : PrazÃ k Quartet, Vladimir Bukac;21/01/2012;
;;;;
<http://data.doremus.org/performance/f13ff128-4a78-37c8-b1e8-59b30b64375b>;12581.ttl;"\""Si l'orchestre m'Ã©tait contÃ©\""";06/04/2013;SimilaritÃ© :0.455
<http://data.doremus.org/performance/9fb1e71f-eafe-3b2e-9359-90b27dd4b6fa>;1004172.ttl;SchÃ¶nberg / Stravinski. Stravinski en mode hip-hop;06/04/2013;
;;;;
<http://data.doremus.org/performance/16711a7f-87e9-3c24-9c28-5adca114db58>;12757.ttl;Wild Beasts - Other Lives;06/07/2012;SimilaritÃ© :0.458
<http://data.doremus.org/performance/fffa1fb6-fb19-3225-92d6-36f71e093e88>;0989799.ttl;Festival Days Off : Wild Beasts;06/07/2012;
;;;;
<http://data.doremus.org/performance/b84e782e-074a-35fc-9f48-7a7b911cc834>;11499.ttl;Amadou & Mariam;15/01/2012;SimilaritÃ© :0.44999999999999996
<http://data.doremus.org/performance/c6ed239a-e6fe-3b1d-80a5-55bafb725c8f>;0980795.ttl;AaRON;15/01/2012;
;;;;
<http://data.doremus.org/performance/ae32e225-e3c9-3832-a748-2f1c9e74ec50>;11564.ttl;Echo et Narcisse/Christoph Willibald Gluck;12/03/2012;SimilaritÃ© :0.606
<http://data.doremus.org/performance/add7379f-4184-3031-b688-1b9cd408c954>;1070512.ttl;Echo et Narcisse;12/03/2012;
;;;;
<http://data.doremus.org/performance/54cd5dea-1d62-35f7-8376-7ef5959a1f62>;11445.ttl;Karine Saporta / Steve Reich, Notes+;16/10/2011;SimilaritÃ© :0.5355
<http://data.doremus.org/performance/f9894838-0bae-39f4-a82d-da5e88df7592>;0976461.ttl;Steve Reich, pulsations. Notes +;16/10/2011;
;;;;
<http://data.doremus.org/performance/a0c33c49-b1a6-32a8-a0f0-39ccb60ab7db>;11456.ttl;Jeanne la Pucelle;16/11/2011;SimilaritÃ© :0.518
<http://data.doremus.org/performance/bb0db213-bb6b-3d49-9015-3ae8a7e1d9c9>;0977235.ttl;Masculin / FÃ©minin. Jeanne la Pucelle;16/11/2011;
;;;;
<http://data.doremus.org/performance/b8efa1a0-04bc-3b73-b267-2ebd656a6cd5>;11988.ttl;L'orchestre, c'est fantastique ! ;12/05/2012;SimilaritÃ© :0.569
<http://data.doremus.org/performance/91f0075f-8837-3f12-8a69-32d4c35c41a7>;0987968.ttl;Orchestre National du Capitole de Toulouse, Tugan Sokhiev, Jean-Yves Thibaudet;12/05/2012;
;;;;
<http://data.doremus.org/performance/1b4e4585-8ed4-3a85-80bd-975ecd8446a2>;11558.ttl;Les Arts Florissants / Paul Agnew;26/05/2012;SimilaritÃ© :0.501
<http://data.doremus.org/performance/546e2e28-c51a-34e8-b47d-4975b8af473c>;0988177.ttl;Paul Agnew, les Arts Florissants. Madrigaux (livre III) de Claudio Monteverdi;26/05/2012;
;;;;
<http://data.doremus.org/performance/6a6dfd1d-a8d9-3208-a05b-39a61a5f4bb2>;12413.ttl;Stravinski en mode hip hop (crÃ©ation);06/04/2013;SimilaritÃ© :0.5589999999999999
<http://data.doremus.org/performance/9fb1e71f-eafe-3b2e-9359-90b27dd4b6fa>;1004172.ttl;SchÃ¶nberg / Stravinski. Stravinski en mode hip-hop;06/04/2013;
;;;;
<http://data.doremus.org/performance/4c0f1e9d-384a-32b8-8451-1164a81d9238>;11678.ttl;Orchestre de Paris - Riccardo Chailly - Stefano Bollani;29/02/2012;SimilaritÃ© :0.4665
<http://data.doremus.org/performance/b94ab820-b79c-3937-af97-ca9d97a17393>;0982715.ttl;Concert Ã©ducatif en famille. Le Carnaval des animaux;29/02/2012;
;;;;
<http://data.doremus.org/performance/c985b71a-d95a-3c52-89e8-24d7c621f95b>;13059.ttl;Carte Blanche - Conservatoire de Paris;14/06/2013;SimilaritÃ© :0.453
<http://data.doremus.org/performance/a041af38-ec88-3812-9cbb-a3347b35d52d>;1004739.ttl;Orchestre Philharmonique de Radio France, Vasily Petrenko, Julia Fischer;14/06/2013;
;;;;
<http://data.doremus.org/performance/c3bd934f-c2a6-33ff-9a53-099028dd5adb>;13741.ttl;James Blake;04/07/2013;SimilaritÃ© :0.46599999999999997
<http://data.doremus.org/performance/2ebcf520-926c-36d2-9fba-145194533653>;1005988.ttl;Festival Days Off. James Blake;04/07/2013;
;;;;
<http://data.doremus.org/performance/39a0b6c6-7d85-38e4-a23d-50d976252eab>;11489.ttl;Zita Swoon Group / Anne Teresa De Keersmaeker;06/12/2011;SimilaritÃ© :0.6385
<http://data.doremus.org/performance/20b5f680-47da-36f8-a7b7-b5520198e473>;0978480.ttl;Zita Swoon, Anne Teresa de Keersmaeker : dancing with the Sound Hobbyist;06/12/2011;
;;;;
<http://data.doremus.org/performance/d6bd8413-bedf-36a5-9ac9-f3d5ae3425bd>;11613.ttl;Richard Galliano, La Strada Quintet;16/11/2011;SimilaritÃ© :0.436
<http://data.doremus.org/performance/b51fb11a-dc3e-3f1d-ba55-065d6ff5b109>;0977954.ttl;Giovanni Mirabassi;16/11/2011;
;;;;
<http://data.doremus.org/performance/cffee833-05a5-3838-9436-d674fe5b38b2>;12103.ttl;Maceo Parker // Fred Wesley & Pee Wee Ellis;10/09/2011;SimilaritÃ© :0.5325
<http://data.doremus.org/performance/d5f4f503-2d73-3894-b9a1-8adb65e87fca>;0987922.ttl;Jazz Ã  la Villette. Fred Wesley and the New JB's;10/09/2011;
;;;;
<http://data.doremus.org/performance/48397ebb-ffbb-3b6e-8d19-fe63db5e8a5d>;12033.ttl;Le Carnaval des animaux ;29/02/2012;SimilaritÃ© :0.532
<http://data.doremus.org/performance/b94ab820-b79c-3937-af97-ca9d97a17393>;0982715.ttl;Concert Ã©ducatif en famille. Le Carnaval des animaux;29/02/2012;
;;;;
<http://data.doremus.org/performance/69059742-be07-32d5-b268-f2f5a659d5eb>;11512.ttl;Arditti Quartet / Jerusalem Quartet;21/01/2012;SimilaritÃ© :0.49350000000000005
<http://data.doremus.org/performance/2d880c81-9bd1-366d-971b-ab383bcbb834>;0981078.ttl;5e biennale quatuors Ã  cordes. TakÃ cs Quartet, Marc Coppey;21/01/2012;
;;;;
<http://data.doremus.org/performance/69059742-be07-32d5-b268-f2f5a659d5eb>;11512.ttl;Arditti Quartet / Jerusalem Quartet;21/01/2012;SimilaritÃ© :0.4645
<http://data.doremus.org/performance/c5cdf8da-e918-3d82-b9bc-5dcf0c2d9e59>;0980797.ttl;5e biennale quatuors Ã  cordes : PrazÃ k Quartet, Vladimir Bukac;21/01/2012;
;;;;
<http://data.doremus.org/performance/9846245a-46ce-30b3-b085-ef5aa0c5fca8>;11453.ttl;Ensemble intercontemporain / Emilio Pomarico / Markus Brutscher;09/11/2011;SimilaritÃ© :0.415
<http://data.doremus.org/performance/a761c966-5ad4-3746-b16a-32a07be21774>;0977247.ttl;Orchestre de Paris - Paavo JÃ¤rvi - Dang Thai Son;09/11/2011;
;;;;
<http://data.doremus.org/performance/eaceec3d-5de6-3df1-94e3-4d73db3765b7>;12317.ttl;Les Arts Florissants, direction Paul Agnew;06/06/2013;SimilaritÃ© :0.4845
<http://data.doremus.org/performance/b1b4932a-9fa2-3e39-8c45-e72c6e287b7b>;1003227.ttl;6e biennale d'art vocal. Paul Agnew, les Arts Florissants : madrigaux livre V;06/06/2013;
;;;;
<http://data.doremus.org/performance/59820a50-2628-38ea-bab5-33a801c77f33>;13055.ttl;Orchestre des jeunes DEMOS;30/06/2012;SimilaritÃ© :0.5645
<http://data.doremus.org/performance/18319ec1-84b0-31a2-b12c-2b901ea289b9>;1004943.ttl;Orchestre des jeunes DEMOS, dispositif d'Ã©ducation musicale et orchestrale Ã  vocation sociale;30/06/2012;
;;;;
<http://data.doremus.org/performance/88c075f4-1c83-324e-987a-6bf26cc45d12>;11868.ttl;Boris Berezovsky - Brigitte Engerer;20/09/2011;SimilaritÃ© :0.4185
<http://data.doremus.org/performance/c77812de-0462-3a17-837b-9ae338046ae0>;0974273.ttl;Passions, le dÃ©sordre amoureux. Ensemble Orchestral de Paris;20/09/2011;
;;;;
<http://data.doremus.org/performance/b90e0b48-84c7-3ba5-9f1f-a619c2c96ac9>;11614.ttl;Vadim Repin et invitÃ©s;17/11/2011;SimilaritÃ© :0.45749999999999996
<http://data.doremus.org/performance/5c2c97d2-9e6a-3780-8dd7-ca098738571a>;0977240.ttl;Masculin / FÃ©minin. Castrats divas;17/11/2011;
