<http://data.doremus.org/performance/9d47960b-2693-310f-ad23-fda2ed36f466>;13420.ttl;Orchestre Philharmonique de Radio France - Myung-Whun Chung;25/04/2014;SimilaritÃ© :1.0
<http://data.doremus.org/performance/7728c0a1-7562-36da-b399-f7b2ddbea81a>;0983800.ttl;Orchestre Philharmonique de Radio France, Myung-Whun Chung;16/03/2012;
;;;;
<http://data.doremus.org/performance/9d47960b-2693-310f-ad23-fda2ed36f466>;13420.ttl;Orchestre Philharmonique de Radio France - Myung-Whun Chung;25/04/2014;SimilaritÃ© :1.0
<http://data.doremus.org/performance/0b5a2ca0-74ca-37a9-b2d4-cb6509de81c9>;1016854.ttl;Orchestre Philharmonique de Radio France, Myung-Whun Chung;11/04/2014;
;;;;
<http://data.doremus.org/performance/31327ea0-8dfc-3d1c-9c81-5ed8b0e90a26>;15288.ttl;Orchestre Philharmonique de Radio France;21/04/2016;SimilaritÃ© :1.0
<http://data.doremus.org/performance/15198688-34bd-373e-b4e0-7a359bba4e9b>;0956005.ttl;Orchestre Philharmonique de Radio France;07/01/2011;
;;;;
<http://data.doremus.org/performance/5bbadc2f-e0ef-384e-a0c2-f8ac02e93caf>;13408.ttl;Orchestre Philharmonique de Radio France - Myung-Whun Chung;11/04/2014;SimilaritÃ© :1.0
<http://data.doremus.org/performance/7728c0a1-7562-36da-b399-f7b2ddbea81a>;0983800.ttl;Orchestre Philharmonique de Radio France, Myung-Whun Chung;16/03/2012;
;;;;
<http://data.doremus.org/performance/c77e4979-36f7-3969-919c-5ac4f18fecd3>;14120.ttl;Chamber Orchestra of Europe;28/05/2015;SimilaritÃ© :1.0
<http://data.doremus.org/performance/eae12303-fb63-3a1a-bf55-6d9cc8aed1de>;0240336.ttl;Chamber orchestra of Europe;13/04/1997;
;;;;
<http://data.doremus.org/performance/c77e4979-36f7-3969-919c-5ac4f18fecd3>;14120.ttl;Chamber Orchestra of Europe;28/05/2015;SimilaritÃ© :1.0
<http://data.doremus.org/performance/d9ea7639-de11-3fbd-a5e0-0487595c5cff>;0241240.ttl;Chamber orchestra of Europe;29/04/1998;
;;;;
<http://data.doremus.org/performance/c77e4979-36f7-3969-919c-5ac4f18fecd3>;14120.ttl;Chamber Orchestra of Europe;28/05/2015;SimilaritÃ© :1.0
<http://data.doremus.org/performance/79332ad1-10e5-3d83-9da3-f34a0e5bc935>;0241078.ttl;Chamber orchestra of Europe;14/06/1997;
;;;;
<http://data.doremus.org/performance/18474840-a76f-35d0-bcd1-ed45f7d09ba6>;13169.ttl;Les Dissonances - David Grimal ;01/03/2014;SimilaritÃ© :1.0
<http://data.doremus.org/performance/7966c253-0cd2-39a7-bd27-21a34e5a75fa>;1062228.ttl;Les Dissonances, David Grimal;30/01/2017;
;;;;
<http://data.doremus.org/performance/18474840-a76f-35d0-bcd1-ed45f7d09ba6>;13169.ttl;Les Dissonances - David Grimal ;01/03/2014;SimilaritÃ© :1.0
<http://data.doremus.org/performance/4280cb11-94bb-3fd2-827c-4adcff8d8fd7>;1023315.ttl;Les Dissonances, David Grimal;21/10/2014;
;;;;
<http://data.doremus.org/performance/18474840-a76f-35d0-bcd1-ed45f7d09ba6>;13169.ttl;Les Dissonances - David Grimal ;01/03/2014;SimilaritÃ© :1.0
<http://data.doremus.org/performance/850618f8-2702-33f6-a43a-5c85c4c29c65>;1033088.ttl;Les Dissonances. David Grimal;01/04/2015;
;;;;
<http://data.doremus.org/performance/18474840-a76f-35d0-bcd1-ed45f7d09ba6>;13169.ttl;Les Dissonances - David Grimal ;01/03/2014;SimilaritÃ© :1.0
<http://data.doremus.org/performance/1386ad04-a768-3b93-af13-980357c76121>;1040876.ttl;Les Dissonances : David Grimal;06/10/2015;
;;;;
<http://data.doremus.org/performance/18474840-a76f-35d0-bcd1-ed45f7d09ba6>;13169.ttl;Les Dissonances - David Grimal ;01/03/2014;SimilaritÃ© :1.0
<http://data.doremus.org/performance/8ae7da6a-8728-39ac-bf83-13e2157c200c>;1030927.ttl;Les Dissonances, David Grimal;09/02/2015;
;;;;
<http://data.doremus.org/performance/17f948eb-bac1-3895-9884-8bb418a6fed5>;13187.ttl;Les Dissonances - David Grimal;25/05/2014;SimilaritÃ© :1.0
<http://data.doremus.org/performance/7966c253-0cd2-39a7-bd27-21a34e5a75fa>;1062228.ttl;Les Dissonances, David Grimal;30/01/2017;
;;;;
<http://data.doremus.org/performance/17f948eb-bac1-3895-9884-8bb418a6fed5>;13187.ttl;Les Dissonances - David Grimal;25/05/2014;SimilaritÃ© :1.0
<http://data.doremus.org/performance/4280cb11-94bb-3fd2-827c-4adcff8d8fd7>;1023315.ttl;Les Dissonances, David Grimal;21/10/2014;
;;;;
<http://data.doremus.org/performance/17f948eb-bac1-3895-9884-8bb418a6fed5>;13187.ttl;Les Dissonances - David Grimal;25/05/2014;SimilaritÃ© :1.0
<http://data.doremus.org/performance/850618f8-2702-33f6-a43a-5c85c4c29c65>;1033088.ttl;Les Dissonances. David Grimal;01/04/2015;
;;;;
<http://data.doremus.org/performance/17f948eb-bac1-3895-9884-8bb418a6fed5>;13187.ttl;Les Dissonances - David Grimal;25/05/2014;SimilaritÃ© :1.0
<http://data.doremus.org/performance/1386ad04-a768-3b93-af13-980357c76121>;1040876.ttl;Les Dissonances : David Grimal;06/10/2015;
;;;;
<http://data.doremus.org/performance/17f948eb-bac1-3895-9884-8bb418a6fed5>;13187.ttl;Les Dissonances - David Grimal;25/05/2014;SimilaritÃ© :1.0
<http://data.doremus.org/performance/8ae7da6a-8728-39ac-bf83-13e2157c200c>;1030927.ttl;Les Dissonances, David Grimal;09/02/2015;
;;;;
<http://data.doremus.org/performance/0262f0be-fbf6-3f1f-9ad2-15e63c9be94b>;14242.ttl;Orchestre de Paris / Paavo JÃ¤rvi / Vadim Repin;17/06/2015;SimilaritÃ© :1.0
<http://data.doremus.org/performance/1eda96be-f3d1-3faf-a10a-b9e657ef4980>;0950803.ttl;Orchestre de Paris, Paavo JÃ¤rvi, Vadim Repin;13/10/2010;
;;;;
<http://data.doremus.org/performance/0262f0be-fbf6-3f1f-9ad2-15e63c9be94b>;14242.ttl;Orchestre de Paris / Paavo JÃ¤rvi / Vadim Repin;18/06/2015;SimilaritÃ© :1.0
<http://data.doremus.org/performance/1eda96be-f3d1-3faf-a10a-b9e657ef4980>;0950803.ttl;Orchestre de Paris, Paavo JÃ¤rvi, Vadim Repin;13/10/2010;
;;;;
<http://data.doremus.org/performance/b652f36e-24e9-3e9e-9dc2-d46c8d7211ff>;13311.ttl;Orchestre de Paris - Bertrand de Billy;30/11/2013;SimilaritÃ© :1.0
<http://data.doremus.org/performance/8164acc9-061e-316c-b8d2-d4770925decc>;1011154.ttl;Orchestre de Paris, Bertrand de Billy;28/11/2013;
;;;;
<http://data.doremus.org/performance/df7fe1f9-db4e-3dbc-abd9-f60315976300>;14270.ttl;Maurizio Pollini;30/03/2015;SimilaritÃ© :1.0
<http://data.doremus.org/performance/21a2603d-10a5-3ed8-86b9-09fdbe6d0955>;0947333.ttl;Maurizio Pollini;25/06/2002;
;;;;
<http://data.doremus.org/performance/20279de1-4ad3-3249-b829-effc3ec581cd>;13419.ttl;Orchestre de Paris - Paavo JÃ¤rvi - Nicholas Angelich;24/04/2014;SimilaritÃ© :1.0
<http://data.doremus.org/performance/cf6be4f3-f732-306b-9491-d378e1aa782c>;1016964.ttl;Orchestre de Paris, Paavo JÃ¤rvi, Nicholas Angelich;23/04/2014;
;;;;
<http://data.doremus.org/performance/0d098937-2e30-3d2d-84c9-5170fed1ace9>;13319.ttl;Orchestre de Paris - Kristjan JÃ¤rvi - Yamandu Costa - Alessandro Kramer;05/12/2013;SimilaritÃ© :1.0
<http://data.doremus.org/performance/4abd385b-38c8-3daf-82c5-5478b99bf56e>;1011998.ttl;Orchestre de Paris, Kristjan JÃ¤rvi, Yamandu Costa, Alessandro Kramer;04/12/2013;
;;;;
<http://data.doremus.org/performance/febb15e9-dd0e-357c-bcc9-5f60edff95c3>;13367.ttl;Orchestre du ThÃ©Ã¢tre Mariinsky - Valery Gergiev;16/02/2014;SimilaritÃ© :1.0
<http://data.doremus.org/performance/de3300f6-e5f2-3371-812c-ed56de326b1d>;1014019.ttl;Orchestre du ThÃ©Ã¢tre Mariinsky, Valery Gergiev;17/02/2014;
;;;;
<http://data.doremus.org/performance/1d14e38a-d407-3b61-aee4-695e6e5a086b>;14247.ttl;Les Dissonances - David Grimal;09/02/2015;SimilaritÃ© :1.0
<http://data.doremus.org/performance/7966c253-0cd2-39a7-bd27-21a34e5a75fa>;1062228.ttl;Les Dissonances, David Grimal;30/01/2017;
;;;;
<http://data.doremus.org/performance/1d14e38a-d407-3b61-aee4-695e6e5a086b>;14247.ttl;Les Dissonances - David Grimal;09/02/2015;SimilaritÃ© :1.0
<http://data.doremus.org/performance/4280cb11-94bb-3fd2-827c-4adcff8d8fd7>;1023315.ttl;Les Dissonances, David Grimal;21/10/2014;
;;;;
<http://data.doremus.org/performance/1d14e38a-d407-3b61-aee4-695e6e5a086b>;14247.ttl;Les Dissonances - David Grimal;09/02/2015;SimilaritÃ© :1.0
<http://data.doremus.org/performance/850618f8-2702-33f6-a43a-5c85c4c29c65>;1033088.ttl;Les Dissonances. David Grimal;01/04/2015;
;;;;
<http://data.doremus.org/performance/1d14e38a-d407-3b61-aee4-695e6e5a086b>;14247.ttl;Les Dissonances - David Grimal;09/02/2015;SimilaritÃ© :1.0
<http://data.doremus.org/performance/1386ad04-a768-3b93-af13-980357c76121>;1040876.ttl;Les Dissonances : David Grimal;06/10/2015;
;;;;
<http://data.doremus.org/performance/1a56e637-367d-353c-b28b-e55090faf32a>;15268.ttl;Chamber Orchestra of Europe;22/03/2016;SimilaritÃ© :1.0
<http://data.doremus.org/performance/eae12303-fb63-3a1a-bf55-6d9cc8aed1de>;0240336.ttl;Chamber orchestra of Europe;13/04/1997;
;;;;
<http://data.doremus.org/performance/1a56e637-367d-353c-b28b-e55090faf32a>;15268.ttl;Chamber Orchestra of Europe;22/03/2016;SimilaritÃ© :1.0
<http://data.doremus.org/performance/d9ea7639-de11-3fbd-a5e0-0487595c5cff>;0241240.ttl;Chamber orchestra of Europe;29/04/1998;
;;;;
<http://data.doremus.org/performance/1a56e637-367d-353c-b28b-e55090faf32a>;15268.ttl;Chamber Orchestra of Europe;22/03/2016;SimilaritÃ© :1.0
<http://data.doremus.org/performance/79332ad1-10e5-3d83-9da3-f34a0e5bc935>;0241078.ttl;Chamber orchestra of Europe;14/06/1997;
;;;;
<http://data.doremus.org/performance/5e953dfd-e87d-38f1-9849-a81249a0e21a>;15281.ttl;London Symphony Orchestra;12/04/2016;SimilaritÃ© :1.0
<http://data.doremus.org/performance/3d25a05c-b9be-3da5-b6bf-72db19b529e9>;0960360.ttl;London Symphony Orchestra;28/03/2011;
;;;;
<http://data.doremus.org/performance/f445708d-13f2-30d0-bd50-cadc9ad1df1c>;13301.ttl;Maurizio Pollini ;14/11/2013;SimilaritÃ© :1.0
<http://data.doremus.org/performance/21a2603d-10a5-3ed8-86b9-09fdbe6d0955>;0947333.ttl;Maurizio Pollini;25/06/2002;
;;;;
<http://data.doremus.org/performance/aa479cc2-d11a-3ded-8b93-509a26b83fda>;14280.ttl;Orchestre du ThÃ©Ã¢tre Mariinsky - Valery Gergiev;25/03/2015;SimilaritÃ© :1.0
<http://data.doremus.org/performance/de3300f6-e5f2-3371-812c-ed56de326b1d>;1014019.ttl;Orchestre du ThÃ©Ã¢tre Mariinsky, Valery Gergiev;17/02/2014;
;;;;
<http://data.doremus.org/performance/0b0322cb-7ba3-3cd2-b20d-6ce024614d2a>;13135.ttl;Ensemble intercontemporain - Matthias Pintscher;08/11/2013;SimilaritÃ© :1.0
<http://data.doremus.org/performance/1d0a435f-0640-3f88-88e2-76c63dd79fa4>;1023309.ttl;Ensemble intercontemporain, Matthias Pintscher;17/10/2014;
;;;;
<http://data.doremus.org/performance/f2e0782b-5ed6-33ea-b37f-935135ccac08>;15170.ttl;London Symphony Orchestra;17/10/2015;SimilaritÃ© :1.0
<http://data.doremus.org/performance/3d25a05c-b9be-3da5-b6bf-72db19b529e9>;0960360.ttl;London Symphony Orchestra;28/03/2011;
;;;;
<http://data.doremus.org/performance/e75ff38c-01b0-35cd-aca2-fec21ab11ac4>;14029.ttl;Les Dissonances - David Grimal;21/10/2014;SimilaritÃ© :1.0
<http://data.doremus.org/performance/7966c253-0cd2-39a7-bd27-21a34e5a75fa>;1062228.ttl;Les Dissonances, David Grimal;30/01/2017;
;;;;
<http://data.doremus.org/performance/e75ff38c-01b0-35cd-aca2-fec21ab11ac4>;14029.ttl;Les Dissonances - David Grimal;21/10/2014;SimilaritÃ© :1.0
<http://data.doremus.org/performance/850618f8-2702-33f6-a43a-5c85c4c29c65>;1033088.ttl;Les Dissonances. David Grimal;01/04/2015;
;;;;
<http://data.doremus.org/performance/e75ff38c-01b0-35cd-aca2-fec21ab11ac4>;14029.ttl;Les Dissonances - David Grimal;21/10/2014;SimilaritÃ© :1.0
<http://data.doremus.org/performance/1386ad04-a768-3b93-af13-980357c76121>;1040876.ttl;Les Dissonances : David Grimal;06/10/2015;
;;;;
<http://data.doremus.org/performance/e75ff38c-01b0-35cd-aca2-fec21ab11ac4>;14029.ttl;Les Dissonances - David Grimal;21/10/2014;SimilaritÃ© :1.0
<http://data.doremus.org/performance/8ae7da6a-8728-39ac-bf83-13e2157c200c>;1030927.ttl;Les Dissonances, David Grimal;09/02/2015;
;;;;
<http://data.doremus.org/performance/4d16d019-333c-3387-bb89-6a43b2e11e70>;14162.ttl;Orchestre de Paris - David Zinman - Gautier CapuÃ§on;20/11/2014;SimilaritÃ© :1.0
<http://data.doremus.org/performance/b17b841a-d844-3a07-8dd4-0123a4c18311>;1023837.ttl;Orchestre de Paris, David Zinman, Gautier CapuÃ§on;19/11/2014;
;;;;
<http://data.doremus.org/performance/fddc9150-266d-30cf-8895-ddf3281da72f>;14200.ttl;Orchestre de Paris / Paavo JÃ¤rvi / Janine Jansen;21/01/2015;SimilaritÃ© :1.0
<http://data.doremus.org/performance/7376159c-ce00-342e-afe3-a10bb0b5d176>;1030037.ttl;Orchestre de Paris, Paavo JÃ¤rvi, Janine Jansen;22/01/2015;
;;;;
<http://data.doremus.org/performance/3a5f5bd0-fc37-3d4a-8535-7b15d84f2383>;13222.ttl;Chamber Orchestra of Europe;15/03/2014;SimilaritÃ© :1.0
<http://data.doremus.org/performance/eae12303-fb63-3a1a-bf55-6d9cc8aed1de>;0240336.ttl;Chamber orchestra of Europe;13/04/1997;
;;;;
<http://data.doremus.org/performance/3a5f5bd0-fc37-3d4a-8535-7b15d84f2383>;13222.ttl;Chamber Orchestra of Europe;15/03/2014;SimilaritÃ© :1.0
<http://data.doremus.org/performance/d9ea7639-de11-3fbd-a5e0-0487595c5cff>;0241240.ttl;Chamber orchestra of Europe;29/04/1998;
;;;;
<http://data.doremus.org/performance/3a5f5bd0-fc37-3d4a-8535-7b15d84f2383>;13222.ttl;Chamber Orchestra of Europe;15/03/2014;SimilaritÃ© :1.0
<http://data.doremus.org/performance/79332ad1-10e5-3d83-9da3-f34a0e5bc935>;0241078.ttl;Chamber orchestra of Europe;14/06/1997;
;;;;
<http://data.doremus.org/performance/fcb203bf-096f-3195-bd62-fdac7e38f2ce>;13428.ttl;Orchestre de Paris - Daniel Harding ;07/05/2014;SimilaritÃ© :1.0
<http://data.doremus.org/performance/a033d0c8-e35b-39cc-957d-9d39e00bc5e1>;1056843.ttl;Orchestre de Paris / Daniel Harding;16/09/2016;
;;;;
<http://data.doremus.org/performance/fcb203bf-096f-3195-bd62-fdac7e38f2ce>;13428.ttl;Orchestre de Paris - Daniel Harding ;07/05/2014;SimilaritÃ© :1.0
<http://data.doremus.org/performance/4c628753-51a9-3ff8-8974-be39fbd50bab>;1049486.ttl;Orchestre de Paris, Daniel Harding;19/05/2016;
;;;;
<http://data.doremus.org/performance/fcb203bf-096f-3195-bd62-fdac7e38f2ce>;13428.ttl;Orchestre de Paris - Daniel Harding ;07/05/2014;SimilaritÃ© :1.0
<http://data.doremus.org/performance/b0aea66d-0cc2-302e-9105-312f919f2e78>;1061651.ttl;Orchestre de Paris, Daniel Harding;28/09/2016;
;;;;
<http://data.doremus.org/performance/fcb203bf-096f-3195-bd62-fdac7e38f2ce>;13428.ttl;Orchestre de Paris - Daniel Harding ;07/05/2014;SimilaritÃ© :1.0
<http://data.doremus.org/performance/cd7aa126-a4f0-3dd2-ac5d-380c757da3da>;1067466.ttl;Orchestre de Paris. Daniel Harding;24/05/2017;
;;;;
<http://data.doremus.org/performance/6bd310a1-84da-39fc-a38c-b2115532005a>;15169.ttl;London Symphony Orchestra;16/10/2015;SimilaritÃ© :1.0
<http://data.doremus.org/performance/3d25a05c-b9be-3da5-b6bf-72db19b529e9>;0960360.ttl;London Symphony Orchestra;28/03/2011;
;;;;
<http://data.doremus.org/performance/7e8fda8e-dd7d-3135-b12c-dc3e70f36cc5>;14198.ttl;Orchestre de Paris - Paavo JÃ¤rvi;18/01/2015;SimilaritÃ© :1.0
<http://data.doremus.org/performance/6b210a19-1224-3f20-9d28-3c6d7a1fa825>;0987827.ttl;Orchestre de Paris, Paavo JÃ¤rvi;23/05/2012;
;;;;
<http://data.doremus.org/performance/f40d2aa4-692b-3c9d-935a-b8e3635cb446>;16996.ttl;Youssou Ndour et le Super Ã©toile;15/11/2016;SimilaritÃ© :1.0
<http://data.doremus.org/performance/de3b340f-aa23-3b15-b9df-39f116eca3a7>;0950960.ttl;Youssou Ndour et le Super Etoile;28/10/2010;
;;;;
<http://data.doremus.org/performance/d6280cec-fd24-3db0-a1bc-782fa1db54a9>;15487.ttl;Orchestre Philharmonique de Radio France;19/02/2016;SimilaritÃ© :1.0
<http://data.doremus.org/performance/15198688-34bd-373e-b4e0-7a359bba4e9b>;0956005.ttl;Orchestre Philharmonique de Radio France;07/01/2011;
;;;;
<http://data.doremus.org/performance/2c49cbae-172e-3f9e-a3b0-496462ab0c6c>;15246.ttl;Khatia Buniatishvili;07/03/2016;SimilaritÃ© :1.0
<http://data.doremus.org/performance/682f7138-8e22-3fab-9cf1-25e7dfb1cfc0>;1014782.ttl;Khatia Buniatishvili;04/03/2014;
;;;;
<http://data.doremus.org/performance/26c634a1-7230-3613-8cad-6137b56d1b9c>;15192.ttl;Ensemble intercontemporain;27/11/2015;SimilaritÃ© :1.0
<http://data.doremus.org/performance/ac5b81bb-f334-369b-a966-4c60aba3f347>;0240344.ttl;Ensemble intercontemporain;22/12/1996;
;;;;
<http://data.doremus.org/performance/26c634a1-7230-3613-8cad-6137b56d1b9c>;15192.ttl;Ensemble intercontemporain;27/11/2015;SimilaritÃ© :1.0
<http://data.doremus.org/performance/c51b7528-4f37-367e-8f9d-5b8a3a7bd7b1>;0241449.ttl;Ensemble intercontemporain;20/11/1996;
;;;;
<http://data.doremus.org/performance/429a3a13-be81-37d3-9ea3-aa4b0fb2834e>;15225.ttl;Maurizio Pollini;08/02/2016;SimilaritÃ© :1.0
<http://data.doremus.org/performance/21a2603d-10a5-3ed8-86b9-09fdbe6d0955>;0947333.ttl;Maurizio Pollini;25/06/2002;
;;;;
<http://data.doremus.org/performance/23f6c9a4-978c-303e-9409-b66997dfbba0>;14376.ttl;West-Eastern Divan Orchestra - Daniel Barenboim;19/01/2015;SimilaritÃ© :1.0
<http://data.doremus.org/performance/d0b6e112-6a28-3513-ae85-0c8f86a0d9ed>;0967748.ttl;West-Eastern Divan Orchestra, Daniel Barenboim;21/05/2011;
;;;;
<http://data.doremus.org/performance/68451190-922b-3e0a-9e6e-6e4abcc6f267>;14095.ttl;Les Dissonances - David Grimal;01/04/2015;SimilaritÃ© :1.0
<http://data.doremus.org/performance/7966c253-0cd2-39a7-bd27-21a34e5a75fa>;1062228.ttl;Les Dissonances, David Grimal;30/01/2017;
;;;;
<http://data.doremus.org/performance/68451190-922b-3e0a-9e6e-6e4abcc6f267>;14095.ttl;Les Dissonances - David Grimal;01/04/2015;SimilaritÃ© :1.0
<http://data.doremus.org/performance/4280cb11-94bb-3fd2-827c-4adcff8d8fd7>;1023315.ttl;Les Dissonances, David Grimal;21/10/2014;
;;;;
<http://data.doremus.org/performance/68451190-922b-3e0a-9e6e-6e4abcc6f267>;14095.ttl;Les Dissonances - David Grimal;01/04/2015;SimilaritÃ© :1.0
<http://data.doremus.org/performance/1386ad04-a768-3b93-af13-980357c76121>;1040876.ttl;Les Dissonances : David Grimal;06/10/2015;
;;;;
<http://data.doremus.org/performance/68451190-922b-3e0a-9e6e-6e4abcc6f267>;14095.ttl;Les Dissonances - David Grimal;01/04/2015;SimilaritÃ© :1.0
<http://data.doremus.org/performance/8ae7da6a-8728-39ac-bf83-13e2157c200c>;1030927.ttl;Les Dissonances, David Grimal;09/02/2015;
;;;;
<http://data.doremus.org/performance/f021498a-3c05-3c83-9932-35dae7f027d1>;14183.ttl;Orchestre Philharmonique de Radio France;10/10/2014;SimilaritÃ© :1.0
<http://data.doremus.org/performance/15198688-34bd-373e-b4e0-7a359bba4e9b>;0956005.ttl;Orchestre Philharmonique de Radio France;07/01/2011;
;;;;
<http://data.doremus.org/performance/09543a98-36c3-37c7-b213-112c1681d6d9>;14226.ttl;Budapest Festival Orchestra;26/05/2015;SimilaritÃ© :1.0
<http://data.doremus.org/performance/3c0ca17a-467e-3286-bb2b-9ea3acfeb569>;0960343.ttl;Budapest Festival Orchestra;05/03/2011;
;;;;
<http://data.doremus.org/performance/c0bff8f8-96f5-3575-b74c-9cb5de507f93>;14736.ttl;Orchestre de Paris - Paavo JÃ¤rvi;18/01/2015;SimilaritÃ© :1.0
<http://data.doremus.org/performance/6b210a19-1224-3f20-9d28-3c6d7a1fa825>;0987827.ttl;Orchestre de Paris, Paavo JÃ¤rvi;23/05/2012;
;;;;
<http://data.doremus.org/performance/14ad30a3-3727-38d5-8714-2cc8462cc221>;14092.ttl;Ensemble intercontemporain - Matthias Pintscher;21/04/2015;SimilaritÃ© :1.0
<http://data.doremus.org/performance/1d0a435f-0640-3f88-88e2-76c63dd79fa4>;1023309.ttl;Ensemble intercontemporain, Matthias Pintscher;17/10/2014;
;;;;
<http://data.doremus.org/performance/0095ee90-6f8f-399f-ac1b-cbdd7124be2e>;13306.ttl;Les Arts Florissants - William Christie ;19/11/2013;SimilaritÃ© :1.0
<http://data.doremus.org/performance/b9c8c77f-4b81-3057-8772-8572846e8f2a>;1029285.ttl;Les Arts Florissants, William Christie;16/01/2015;
;;;;
<http://data.doremus.org/performance/9706a237-6448-3d57-92c5-481d5b79c193>;13354.ttl;Orchestre de Paris - Paavo JÃ¤rvi - Menahem Pressler;30/01/2014;SimilaritÃ© :1.0
<http://data.doremus.org/performance/0c61d4c4-d082-3cae-9364-04651e0c4222>;0993240.ttl;Orchestre de Paris, Paavo JÃ¤rvi, Menahem Pressler;17/10/2012;
;;;;
<http://data.doremus.org/performance/9706a237-6448-3d57-92c5-481d5b79c193>;13354.ttl;Orchestre de Paris - Paavo JÃ¤rvi - Menahem Pressler;29/01/2014;SimilaritÃ© :1.0
<http://data.doremus.org/performance/0c61d4c4-d082-3cae-9364-04651e0c4222>;0993240.ttl;Orchestre de Paris, Paavo JÃ¤rvi, Menahem Pressler;17/10/2012;
;;;;
<http://data.doremus.org/performance/36474f6a-7d26-31b4-9b38-0a7081513303>;14249.ttl;Orchestre de Paris / Yuri Temirkanov / Leonidas Kavakos;26/02/2015;SimilaritÃ© :1.0
<http://data.doremus.org/performance/893b6390-da07-3c1d-a9fe-15ce08dc7417>;1031623.ttl;Orchestre de Paris, Yuri Temirkanov, Leonidas Kavakos;25/02/2015;
;;;;
<http://data.doremus.org/performance/3bdac988-4df4-3c39-ba98-1941fc56bf88>;14250.ttl;Chamber Orchestra of Europe;16/02/2015;SimilaritÃ© :1.0
<http://data.doremus.org/performance/eae12303-fb63-3a1a-bf55-6d9cc8aed1de>;0240336.ttl;Chamber orchestra of Europe;13/04/1997;
;;;;
<http://data.doremus.org/performance/3bdac988-4df4-3c39-ba98-1941fc56bf88>;14250.ttl;Chamber Orchestra of Europe;16/02/2015;SimilaritÃ© :1.0
<http://data.doremus.org/performance/d9ea7639-de11-3fbd-a5e0-0487595c5cff>;0241240.ttl;Chamber orchestra of Europe;29/04/1998;
;;;;
<http://data.doremus.org/performance/3bdac988-4df4-3c39-ba98-1941fc56bf88>;14250.ttl;Chamber Orchestra of Europe;16/02/2015;SimilaritÃ© :1.0
<http://data.doremus.org/performance/79332ad1-10e5-3d83-9da3-f34a0e5bc935>;0241078.ttl;Chamber orchestra of Europe;14/06/1997;
;;;;
<http://data.doremus.org/performance/876b1911-3ede-322d-b0c8-1eaea3103ab8>;13186.ttl;Chamber Orchestra of Europe;24/05/2014;SimilaritÃ© :1.0
<http://data.doremus.org/performance/eae12303-fb63-3a1a-bf55-6d9cc8aed1de>;0240336.ttl;Chamber orchestra of Europe;13/04/1997;
;;;;
<http://data.doremus.org/performance/876b1911-3ede-322d-b0c8-1eaea3103ab8>;13186.ttl;Chamber Orchestra of Europe;24/05/2014;SimilaritÃ© :1.0
<http://data.doremus.org/performance/d9ea7639-de11-3fbd-a5e0-0487595c5cff>;0241240.ttl;Chamber orchestra of Europe;29/04/1998;
;;;;
<http://data.doremus.org/performance/876b1911-3ede-322d-b0c8-1eaea3103ab8>;13186.ttl;Chamber Orchestra of Europe;24/05/2014;SimilaritÃ© :1.0
<http://data.doremus.org/performance/79332ad1-10e5-3d83-9da3-f34a0e5bc935>;0241078.ttl;Chamber orchestra of Europe;14/06/1997;
;;;;
<http://data.doremus.org/performance/d6a2484a-558f-35ce-b571-0e078c0dfdda>;14014.ttl;Ensemble intercontemporain - Matthias Pintscher;23/09/2014;SimilaritÃ© :1.0
<http://data.doremus.org/performance/1d0a435f-0640-3f88-88e2-76c63dd79fa4>;1023309.ttl;Ensemble intercontemporain, Matthias Pintscher;17/10/2014;
;;;;
<http://data.doremus.org/performance/36735176-873d-38c2-b063-51a68ede24d4>;15238.ttl;Chamber Orchestra of Europe;20/02/2016;SimilaritÃ© :1.0
<http://data.doremus.org/performance/eae12303-fb63-3a1a-bf55-6d9cc8aed1de>;0240336.ttl;Chamber orchestra of Europe;13/04/1997;
;;;;
<http://data.doremus.org/performance/36735176-873d-38c2-b063-51a68ede24d4>;15238.ttl;Chamber Orchestra of Europe;20/02/2016;SimilaritÃ© :1.0
<http://data.doremus.org/performance/d9ea7639-de11-3fbd-a5e0-0487595c5cff>;0241240.ttl;Chamber orchestra of Europe;29/04/1998;
;;;;
<http://data.doremus.org/performance/36735176-873d-38c2-b063-51a68ede24d4>;15238.ttl;Chamber Orchestra of Europe;20/02/2016;SimilaritÃ© :1.0
<http://data.doremus.org/performance/79332ad1-10e5-3d83-9da3-f34a0e5bc935>;0241078.ttl;Chamber orchestra of Europe;14/06/1997;
;;;;
<http://data.doremus.org/performance/c98b89b2-42a9-3e91-8bd0-e7cb52dab526>;15239.ttl;Mathieu Boogaerts a 20 ans;16/02/2016;SimilaritÃ© :1.0
<http://data.doremus.org/performance/60655efd-ac6b-3a7e-997a-46f51f9d5874>;1046926.ttl;Mathieu Boogaerts a 20 ans;17/02/2016;
;;;;
<http://data.doremus.org/performance/9372e574-e04a-3fc1-83cb-1487a2bab078>;13170.ttl;Les Dissonances - David Grimal;01/03/2014;SimilaritÃ© :1.0
<http://data.doremus.org/performance/7966c253-0cd2-39a7-bd27-21a34e5a75fa>;1062228.ttl;Les Dissonances, David Grimal;30/01/2017;
;;;;
<http://data.doremus.org/performance/9372e574-e04a-3fc1-83cb-1487a2bab078>;13170.ttl;Les Dissonances - David Grimal;01/03/2014;SimilaritÃ© :1.0
<http://data.doremus.org/performance/4280cb11-94bb-3fd2-827c-4adcff8d8fd7>;1023315.ttl;Les Dissonances, David Grimal;21/10/2014;
;;;;
<http://data.doremus.org/performance/9372e574-e04a-3fc1-83cb-1487a2bab078>;13170.ttl;Les Dissonances - David Grimal;01/03/2014;SimilaritÃ© :1.0
<http://data.doremus.org/performance/850618f8-2702-33f6-a43a-5c85c4c29c65>;1033088.ttl;Les Dissonances. David Grimal;01/04/2015;
;;;;
<http://data.doremus.org/performance/9372e574-e04a-3fc1-83cb-1487a2bab078>;13170.ttl;Les Dissonances - David Grimal;01/03/2014;SimilaritÃ© :1.0
<http://data.doremus.org/performance/1386ad04-a768-3b93-af13-980357c76121>;1040876.ttl;Les Dissonances : David Grimal;06/10/2015;
;;;;
<http://data.doremus.org/performance/9372e574-e04a-3fc1-83cb-1487a2bab078>;13170.ttl;Les Dissonances - David Grimal;01/03/2014;SimilaritÃ© :1.0
<http://data.doremus.org/performance/8ae7da6a-8728-39ac-bf83-13e2157c200c>;1030927.ttl;Les Dissonances, David Grimal;09/02/2015;
;;;;
<http://data.doremus.org/performance/905dae62-d710-365f-a825-3d0974a9c301>;14189.ttl;Orchestre de Paris - Paavo JÃ¤rvi - Nicholas Angelich;23/10/2014;SimilaritÃ© :1.0
<http://data.doremus.org/performance/cf6be4f3-f732-306b-9491-d378e1aa782c>;1016964.ttl;Orchestre de Paris, Paavo JÃ¤rvi, Nicholas Angelich;23/04/2014;
;;;;
<http://data.doremus.org/performance/905dae62-d710-365f-a825-3d0974a9c301>;14189.ttl;Orchestre de Paris - Paavo JÃ¤rvi - Nicholas Angelich;22/10/2014;SimilaritÃ© :1.0
<http://data.doremus.org/performance/cf6be4f3-f732-306b-9491-d378e1aa782c>;1016964.ttl;Orchestre de Paris, Paavo JÃ¤rvi, Nicholas Angelich;23/04/2014;
;;;;
<http://data.doremus.org/performance/8287886a-fdf9-3c87-8413-416aeb1984e2>;16052.ttl;Chamber Orchestra of Europe;21/02/2016;SimilaritÃ© :1.0
<http://data.doremus.org/performance/eae12303-fb63-3a1a-bf55-6d9cc8aed1de>;0240336.ttl;Chamber orchestra of Europe;13/04/1997;
;;;;
<http://data.doremus.org/performance/8287886a-fdf9-3c87-8413-416aeb1984e2>;16052.ttl;Chamber Orchestra of Europe;21/02/2016;SimilaritÃ© :1.0
<http://data.doremus.org/performance/d9ea7639-de11-3fbd-a5e0-0487595c5cff>;0241240.ttl;Chamber orchestra of Europe;29/04/1998;
;;;;
<http://data.doremus.org/performance/8287886a-fdf9-3c87-8413-416aeb1984e2>;16052.ttl;Chamber Orchestra of Europe;21/02/2016;SimilaritÃ© :1.0
<http://data.doremus.org/performance/79332ad1-10e5-3d83-9da3-f34a0e5bc935>;0241078.ttl;Chamber orchestra of Europe;14/06/1997;
;;;;
<http://data.doremus.org/performance/0548b06c-d873-3aa9-957f-16cc2877e3a4>;13149.ttl;Les Dissonances - David Grimal;19/12/2013;SimilaritÃ© :1.0
<http://data.doremus.org/performance/7966c253-0cd2-39a7-bd27-21a34e5a75fa>;1062228.ttl;Les Dissonances, David Grimal;30/01/2017;
;;;;
<http://data.doremus.org/performance/0548b06c-d873-3aa9-957f-16cc2877e3a4>;13149.ttl;Les Dissonances - David Grimal;19/12/2013;SimilaritÃ© :1.0
<http://data.doremus.org/performance/4280cb11-94bb-3fd2-827c-4adcff8d8fd7>;1023315.ttl;Les Dissonances, David Grimal;21/10/2014;
;;;;
<http://data.doremus.org/performance/0548b06c-d873-3aa9-957f-16cc2877e3a4>;13149.ttl;Les Dissonances - David Grimal;19/12/2013;SimilaritÃ© :1.0
<http://data.doremus.org/performance/850618f8-2702-33f6-a43a-5c85c4c29c65>;1033088.ttl;Les Dissonances. David Grimal;01/04/2015;
;;;;
<http://data.doremus.org/performance/0548b06c-d873-3aa9-957f-16cc2877e3a4>;13149.ttl;Les Dissonances - David Grimal;19/12/2013;SimilaritÃ© :1.0
<http://data.doremus.org/performance/1386ad04-a768-3b93-af13-980357c76121>;1040876.ttl;Les Dissonances : David Grimal;06/10/2015;
;;;;
<http://data.doremus.org/performance/0548b06c-d873-3aa9-957f-16cc2877e3a4>;13149.ttl;Les Dissonances - David Grimal;19/12/2013;SimilaritÃ© :1.0
<http://data.doremus.org/performance/8ae7da6a-8728-39ac-bf83-13e2157c200c>;1030927.ttl;Les Dissonances, David Grimal;09/02/2015;
;;;;
<http://data.doremus.org/performance/00273ae8-b0a6-3887-948a-7a4875eff1a9>;16599.ttl;Wayne Shorter Quartet;29/11/2016;SimilaritÃ© :1.0
<http://data.doremus.org/performance/8701db8d-9f1e-3a92-b8a4-10bbd8556ae4>;1004463.ttl;Wayne Shorter Quartet;03/11/2012;
;;;;
<http://data.doremus.org/performance/f96d0ec6-212a-3eee-b898-a749b296ef42>;16753.ttl;Rover;07/03/2017;SimilaritÃ© :1.0
<http://data.doremus.org/performance/dfc89a1c-7341-3a05-a256-c96fe51758e8>;0980906.ttl;Rover;15/01/2012;
;;;;
<http://data.doremus.org/performance/f96d0ec6-212a-3eee-b898-a749b296ef42>;16753.ttl;Rover;08/03/2017;SimilaritÃ© :1.0
<http://data.doremus.org/performance/dfc89a1c-7341-3a05-a256-c96fe51758e8>;0980906.ttl;Rover;15/01/2012;
;;;;
<http://data.doremus.org/performance/f96d0ec6-212a-3eee-b898-a749b296ef42>;16753.ttl;Rover;09/03/2017;SimilaritÃ© :1.0
<http://data.doremus.org/performance/dfc89a1c-7341-3a05-a256-c96fe51758e8>;0980906.ttl;Rover;15/01/2012;
;;;;
<http://data.doremus.org/performance/824454c6-0ce1-34b7-8c7f-6bfd6e193cbd>;18220.ttl;DÃ©mos;25/06/2017;SimilaritÃ© :1.0
<http://data.doremus.org/performance/71f60b13-502a-33c9-9be2-6ee41f84ed5f>;1067429.ttl;DÃ©mos;24/06/2017;
;;;;
<http://data.doremus.org/performance/3d30bc57-460d-3216-a14f-04d804162391>;18964.ttl;DÃ©mos;25/06/2017;SimilaritÃ© :1.0
<http://data.doremus.org/performance/71f60b13-502a-33c9-9be2-6ee41f84ed5f>;1067429.ttl;DÃ©mos;24/06/2017;
;;;;
<http://data.doremus.org/performance/e0c985ea-b9c4-38cb-8c1f-de49fed138db>;17867.ttl;London Symphony Orchestra;18/12/2017;SimilaritÃ© :1.0
<http://data.doremus.org/performance/3d25a05c-b9be-3da5-b6bf-72db19b529e9>;0960360.ttl;London Symphony Orchestra;28/03/2011;
;;;;
<http://data.doremus.org/performance/6cafd28f-5dba-32d4-8e35-dc3eb1e380e9>;18122.ttl;London Symphony Orchestra;13/03/2018;SimilaritÃ© :1.0
<http://data.doremus.org/performance/3d25a05c-b9be-3da5-b6bf-72db19b529e9>;0960360.ttl;London Symphony Orchestra;28/03/2011;
;;;;
<http://data.doremus.org/performance/8e20e9f0-1a56-337f-b927-b5bd09444eed>;17778.ttl;Maurizio Pollini;09/10/2017;SimilaritÃ© :1.0
<http://data.doremus.org/performance/21a2603d-10a5-3ed8-86b9-09fdbe6d0955>;0947333.ttl;Maurizio Pollini;25/06/2002;
;;;;
<http://data.doremus.org/performance/7b9fcbba-2cad-3de9-a73e-cea0ec9d8629>;16723.ttl;Budapest Festival Orchestra;10/03/2017;SimilaritÃ© :1.0
<http://data.doremus.org/performance/3c0ca17a-467e-3286-bb2b-9ea3acfeb569>;0960343.ttl;Budapest Festival Orchestra;05/03/2011;
;;;;
<http://data.doremus.org/performance/68925976-aaa9-3a61-bdf1-b1c3d1620752>;16770.ttl;Chamber Orchestra of Europe;08/04/2017;SimilaritÃ© :1.0
<http://data.doremus.org/performance/eae12303-fb63-3a1a-bf55-6d9cc8aed1de>;0240336.ttl;Chamber orchestra of Europe;13/04/1997;
;;;;
<http://data.doremus.org/performance/68925976-aaa9-3a61-bdf1-b1c3d1620752>;16770.ttl;Chamber Orchestra of Europe;08/04/2017;SimilaritÃ© :1.0
<http://data.doremus.org/performance/d9ea7639-de11-3fbd-a5e0-0487595c5cff>;0241240.ttl;Chamber orchestra of Europe;29/04/1998;
;;;;
<http://data.doremus.org/performance/68925976-aaa9-3a61-bdf1-b1c3d1620752>;16770.ttl;Chamber Orchestra of Europe;08/04/2017;SimilaritÃ© :1.0
<http://data.doremus.org/performance/79332ad1-10e5-3d83-9da3-f34a0e5bc935>;0241078.ttl;Chamber orchestra of Europe;14/06/1997;
;;;;
<http://data.doremus.org/performance/334784b2-ee0c-3151-acc3-0349b2469b43>;16662.ttl;Maurizio Pollini;28/04/2017;SimilaritÃ© :1.0
<http://data.doremus.org/performance/21a2603d-10a5-3ed8-86b9-09fdbe6d0955>;0947333.ttl;Maurizio Pollini;25/06/2002;
;;;;
<http://data.doremus.org/performance/07582488-e34f-3cbf-b078-2c6872ac2d35>;17891.ttl;Christophe;12/03/2018;SimilaritÃ© :1.0
<http://data.doremus.org/performance/ea5a3988-0a53-3c73-afcb-e02fa498d833>;0936151.ttl;Christophe;16/03/2010;
;;;;
<http://data.doremus.org/performance/5eb3d6c9-7c15-3770-8b6e-00921bfe2c49>;17078.ttl;Nicholas Angelich ;06/06/2017;SimilaritÃ© :1.0
<http://data.doremus.org/performance/4c33eb25-e65b-30d1-ac38-1c835fe74857>;1072540.ttl;Nicholas Angelich;06/10/2017;
;;;;
<http://data.doremus.org/performance/0df59244-307b-39b4-b64e-ee2e4f379d2d>;16820.ttl;DÃ©mos;24/06/2017;SimilaritÃ© :1.0
<http://data.doremus.org/performance/c92375c3-c0e8-3793-8f83-5310f5a7ef8f>;1067440.ttl;DÃ©mos;25/06/2017;
;;;;
<http://data.doremus.org/performance/cdd0791b-dc6f-3b2f-b023-708e9fb1eaa7>;16616.ttl;Chamber Orchestra of Europe;30/11/2016;SimilaritÃ© :1.0
<http://data.doremus.org/performance/eae12303-fb63-3a1a-bf55-6d9cc8aed1de>;0240336.ttl;Chamber orchestra of Europe;13/04/1997;
;;;;
<http://data.doremus.org/performance/cdd0791b-dc6f-3b2f-b023-708e9fb1eaa7>;16616.ttl;Chamber Orchestra of Europe;30/11/2016;SimilaritÃ© :1.0
<http://data.doremus.org/performance/d9ea7639-de11-3fbd-a5e0-0487595c5cff>;0241240.ttl;Chamber orchestra of Europe;29/04/1998;
;;;;
<http://data.doremus.org/performance/cdd0791b-dc6f-3b2f-b023-708e9fb1eaa7>;16616.ttl;Chamber Orchestra of Europe;30/11/2016;SimilaritÃ© :1.0
<http://data.doremus.org/performance/79332ad1-10e5-3d83-9da3-f34a0e5bc935>;0241078.ttl;Chamber orchestra of Europe;14/06/1997;
;;;;
<http://data.doremus.org/performance/d2c6f804-ec70-3ecb-a029-482b94bd0145>;16697.ttl;Chamber Orchestra of Europe;07/02/2017;SimilaritÃ© :1.0
<http://data.doremus.org/performance/eae12303-fb63-3a1a-bf55-6d9cc8aed1de>;0240336.ttl;Chamber orchestra of Europe;13/04/1997;
;;;;
<http://data.doremus.org/performance/d2c6f804-ec70-3ecb-a029-482b94bd0145>;16697.ttl;Chamber Orchestra of Europe;07/02/2017;SimilaritÃ© :1.0
<http://data.doremus.org/performance/d9ea7639-de11-3fbd-a5e0-0487595c5cff>;0241240.ttl;Chamber orchestra of Europe;29/04/1998;
;;;;
<http://data.doremus.org/performance/d2c6f804-ec70-3ecb-a029-482b94bd0145>;16697.ttl;Chamber Orchestra of Europe;07/02/2017;SimilaritÃ© :1.0
<http://data.doremus.org/performance/79332ad1-10e5-3d83-9da3-f34a0e5bc935>;0241078.ttl;Chamber orchestra of Europe;14/06/1997;
;;;;
<http://data.doremus.org/performance/2fe262bf-3e06-324a-8e7e-a17887bb7c88>;17942.ttl;Khatia Buniatishvili;06/02/2018;SimilaritÃ© :1.0
<http://data.doremus.org/performance/682f7138-8e22-3fab-9cf1-25e7dfb1cfc0>;1014782.ttl;Khatia Buniatishvili;04/03/2014;
;;;;
<http://data.doremus.org/performance/9e8b8d0c-b2c8-3a49-8aee-33fe70e53ee6>;18207.ttl;Agnes Obel;13/05/2017;SimilaritÃ© :1.0
<http://data.doremus.org/performance/9ea65769-a794-302a-a40f-77451cdb659f>;1067459.ttl;Agnes Obel;14/05/2017;
;;;;
<http://data.doremus.org/performance/db6f34ef-6ad8-3324-bce7-d86a6fb2187c>;18091.ttl;Chamber Orchestra of Europe;22/05/2018;SimilaritÃ© :1.0
<http://data.doremus.org/performance/eae12303-fb63-3a1a-bf55-6d9cc8aed1de>;0240336.ttl;Chamber orchestra of Europe;13/04/1997;
;;;;
<http://data.doremus.org/performance/db6f34ef-6ad8-3324-bce7-d86a6fb2187c>;18091.ttl;Chamber Orchestra of Europe;22/05/2018;SimilaritÃ© :1.0
<http://data.doremus.org/performance/d9ea7639-de11-3fbd-a5e0-0487595c5cff>;0241240.ttl;Chamber orchestra of Europe;29/04/1998;
;;;;
<http://data.doremus.org/performance/db6f34ef-6ad8-3324-bce7-d86a6fb2187c>;18091.ttl;Chamber Orchestra of Europe;22/05/2018;SimilaritÃ© :1.0
<http://data.doremus.org/performance/79332ad1-10e5-3d83-9da3-f34a0e5bc935>;0241078.ttl;Chamber orchestra of Europe;14/06/1997;
;;;;
<http://data.doremus.org/performance/2c819ec9-296b-33c0-9f34-1ad90109d254>;10678.ttl;Ensemble intercontemporain;05/10/2010;SimilaritÃ© :1.0
<http://data.doremus.org/performance/ac5b81bb-f334-369b-a966-4c60aba3f347>;0240344.ttl;Ensemble intercontemporain;22/12/1996;
;;;;
<http://data.doremus.org/performance/2c819ec9-296b-33c0-9f34-1ad90109d254>;10678.ttl;Ensemble intercontemporain;05/10/2010;SimilaritÃ© :1.0
<http://data.doremus.org/performance/c51b7528-4f37-367e-8f9d-5b8a3a7bd7b1>;0241449.ttl;Ensemble intercontemporain;20/11/1996;
;;;;
<http://data.doremus.org/performance/84f24e0d-eb98-330f-a279-35fc52038688>;10703.ttl;Ensemble intercontemporain ;14/12/2010;SimilaritÃ© :1.0
<http://data.doremus.org/performance/ac5b81bb-f334-369b-a966-4c60aba3f347>;0240344.ttl;Ensemble intercontemporain;22/12/1996;
;;;;
<http://data.doremus.org/performance/84f24e0d-eb98-330f-a279-35fc52038688>;10703.ttl;Ensemble intercontemporain ;14/12/2010;SimilaritÃ© :1.0
<http://data.doremus.org/performance/c51b7528-4f37-367e-8f9d-5b8a3a7bd7b1>;0241449.ttl;Ensemble intercontemporain;20/11/1996;
;;;;
<http://data.doremus.org/performance/beb203cb-85fd-3626-89e9-d129a86407d2>;10691.ttl;Orchestre Philharmonique de Radio France;10/11/2010;SimilaritÃ© :1.0
<http://data.doremus.org/performance/15198688-34bd-373e-b4e0-7a359bba4e9b>;0956005.ttl;Orchestre Philharmonique de Radio France;07/01/2011;
;;;;
<http://data.doremus.org/performance/061024c9-4fac-3eb0-9dd5-392429e9324e>;5479.ttl;Ensemble intercontemporain;09/06/2009;SimilaritÃ© :1.0
<http://data.doremus.org/performance/ac5b81bb-f334-369b-a966-4c60aba3f347>;0240344.ttl;Ensemble intercontemporain;22/12/1996;
;;;;
<http://data.doremus.org/performance/061024c9-4fac-3eb0-9dd5-392429e9324e>;5479.ttl;Ensemble intercontemporain;09/06/2009;SimilaritÃ© :1.0
<http://data.doremus.org/performance/c51b7528-4f37-367e-8f9d-5b8a3a7bd7b1>;0241449.ttl;Ensemble intercontemporain;20/11/1996;
;;;;
<http://data.doremus.org/performance/74a6e7cb-c526-3831-a7c7-8b3a2be9a1b3>;10923.ttl;Orchestre de Paris - Paavo JÃ¤rvi - Gautier CapuÃ§on - Thierry Escaich;19/05/2011;SimilaritÃ© :1.0
<http://data.doremus.org/performance/51e129d3-a0a6-3a85-95d1-4b11ec8deebc>;0966894.ttl;Orchestre de Paris. Paavo JÃ¤rvi, Gautier CapuÃ§on, Thierry Escaich;18/05/2011;
;;;;
<http://data.doremus.org/performance/e5073cf2-f16c-305d-8915-4abbd02d65ab>;5393.ttl;Ensemble intercontemporain;05/11/2008;SimilaritÃ© :1.0
<http://data.doremus.org/performance/ac5b81bb-f334-369b-a966-4c60aba3f347>;0240344.ttl;Ensemble intercontemporain;22/12/1996;
;;;;
<http://data.doremus.org/performance/e5073cf2-f16c-305d-8915-4abbd02d65ab>;5393.ttl;Ensemble intercontemporain;05/11/2008;SimilaritÃ© :1.0
<http://data.doremus.org/performance/c51b7528-4f37-367e-8f9d-5b8a3a7bd7b1>;0241449.ttl;Ensemble intercontemporain;20/11/1996;
;;;;
<http://data.doremus.org/performance/641cb5ad-52fc-3693-8227-16b3e0977f73>;6493.ttl;Orchestre Philharmonique de Radio France;15/01/2010;SimilaritÃ© :1.0
<http://data.doremus.org/performance/15198688-34bd-373e-b4e0-7a359bba4e9b>;0956005.ttl;Orchestre Philharmonique de Radio France;07/01/2011;
;;;;
<http://data.doremus.org/performance/1026cfbd-d946-3db9-b070-b22ad42f7b94>;5334.ttl;Ensemble intercontemporain;02/10/2008;SimilaritÃ© :1.0
<http://data.doremus.org/performance/ac5b81bb-f334-369b-a966-4c60aba3f347>;0240344.ttl;Ensemble intercontemporain;22/12/1996;
;;;;
<http://data.doremus.org/performance/1026cfbd-d946-3db9-b070-b22ad42f7b94>;5334.ttl;Ensemble intercontemporain;02/10/2008;SimilaritÃ© :1.0
<http://data.doremus.org/performance/c51b7528-4f37-367e-8f9d-5b8a3a7bd7b1>;0241449.ttl;Ensemble intercontemporain;20/11/1996;
;;;;
<http://data.doremus.org/performance/db81adc1-1104-3076-af55-f04a404e972e>;6463.ttl;Orchestre Philharmonique de Radio France;20/11/2009;SimilaritÃ© :1.0
<http://data.doremus.org/performance/15198688-34bd-373e-b4e0-7a359bba4e9b>;0956005.ttl;Orchestre Philharmonique de Radio France;07/01/2011;
;;;;
<http://data.doremus.org/performance/2d73c670-f22f-38b4-a3f5-0bafdeed98c3>;10895.ttl;Orchestre de Paris - Esa-Pekka Salonen - David Fray;09/06/2011;SimilaritÃ© :1.0
<http://data.doremus.org/performance/1adbcd43-d456-3226-8371-6b3f39268eb8>;0967949.ttl;Orchestre de Paris, Esa-Pekka Salonen, David Fray;08/06/2011;
;;;;
<http://data.doremus.org/performance/1538f7ef-c38b-3d80-b305-953c2132d4dc>;6494.ttl;Orchestre Philharmonique de Radio France;22/01/2010;SimilaritÃ© :1.0
<http://data.doremus.org/performance/15198688-34bd-373e-b4e0-7a359bba4e9b>;0956005.ttl;Orchestre Philharmonique de Radio France;07/01/2011;
;;;;
<http://data.doremus.org/performance/cf6ae12c-aac8-3cc0-8c7b-f2acb6c25861>;6530.ttl;Orchestre Philharmonique de Radio France;04/06/2010;SimilaritÃ© :1.0
<http://data.doremus.org/performance/15198688-34bd-373e-b4e0-7a359bba4e9b>;0956005.ttl;Orchestre Philharmonique de Radio France;07/01/2011;
;;;;
<http://data.doremus.org/performance/fa6b1580-a64d-3e1b-99f4-92dd2ec7bf08>;6524.ttl;Orchestre Philharmonique de Radio France;02/04/2010;SimilaritÃ© :1.0
<http://data.doremus.org/performance/15198688-34bd-373e-b4e0-7a359bba4e9b>;0956005.ttl;Orchestre Philharmonique de Radio France;07/01/2011;
;;;;
<http://data.doremus.org/performance/bfc0879e-0845-381c-a0d4-fa47537454a7>;10045.ttl;Ensemble intercontemporain;19/11/2009;SimilaritÃ© :1.0
<http://data.doremus.org/performance/ac5b81bb-f334-369b-a966-4c60aba3f347>;0240344.ttl;Ensemble intercontemporain;22/12/1996;
;;;;
<http://data.doremus.org/performance/bfc0879e-0845-381c-a0d4-fa47537454a7>;10045.ttl;Ensemble intercontemporain;19/11/2009;SimilaritÃ© :1.0
<http://data.doremus.org/performance/c51b7528-4f37-367e-8f9d-5b8a3a7bd7b1>;0241449.ttl;Ensemble intercontemporain;20/11/1996;
;;;;
<http://data.doremus.org/performance/aabb0486-0982-310c-a7fb-98929c6e483a>;10036.ttl;Les Arts Florissants - William Christie;10/11/2009;SimilaritÃ© :1.0
<http://data.doremus.org/performance/b9c8c77f-4b81-3057-8772-8572846e8f2a>;1029285.ttl;Les Arts Florissants, William Christie;16/01/2015;
;;;;
<http://data.doremus.org/performance/ac9cb8cd-f488-3acf-9e1d-bc8ec1684db7>;5344.ttl;The Divine Comedy;23/09/2008;SimilaritÃ© :1.0
<http://data.doremus.org/performance/85397dd1-dae9-3e89-9631-c58583d850ba>;1030372.ttl;The Divine Comedy;11/02/2015;
;;;;
<http://data.doremus.org/performance/ac9cb8cd-f488-3acf-9e1d-bc8ec1684db7>;5344.ttl;The Divine Comedy;22/09/2008;SimilaritÃ© :1.0
<http://data.doremus.org/performance/85397dd1-dae9-3e89-9631-c58583d850ba>;1030372.ttl;The Divine Comedy;11/02/2015;
;;;;
<http://data.doremus.org/performance/3b23ceec-4e4a-3fd2-9072-c6079e34bfb5>;5394.ttl;Orchestre Philharmonique de Radio France;07/11/2008;SimilaritÃ© :1.0
<http://data.doremus.org/performance/15198688-34bd-373e-b4e0-7a359bba4e9b>;0956005.ttl;Orchestre Philharmonique de Radio France;07/01/2011;
;;;;
<http://data.doremus.org/performance/c064912c-26ab-3baa-b273-6969ce08c04d>;10023.ttl;Orchestre Philharmonique de Radio France;09/10/2009;SimilaritÃ© :1.0
<http://data.doremus.org/performance/15198688-34bd-373e-b4e0-7a359bba4e9b>;0956005.ttl;Orchestre Philharmonique de Radio France;07/01/2011;
;;;;
<http://data.doremus.org/performance/33a245c6-1b29-3e9b-84f0-4bcff8f80c26>;6525.ttl;Orchestre Philharmonique de Radio France;09/04/2010;SimilaritÃ© :1.0
<http://data.doremus.org/performance/15198688-34bd-373e-b4e0-7a359bba4e9b>;0956005.ttl;Orchestre Philharmonique de Radio France;07/01/2011;
;;;;
<http://data.doremus.org/performance/366f7ecb-865e-3474-a913-9ab44223ac19>;5404.ttl;Ensemble intercontemporain;28/11/2008;SimilaritÃ© :1.0
<http://data.doremus.org/performance/ac5b81bb-f334-369b-a966-4c60aba3f347>;0240344.ttl;Ensemble intercontemporain;22/12/1996;
;;;;
<http://data.doremus.org/performance/366f7ecb-865e-3474-a913-9ab44223ac19>;5404.ttl;Ensemble intercontemporain;28/11/2008;SimilaritÃ© :1.0
<http://data.doremus.org/performance/c51b7528-4f37-367e-8f9d-5b8a3a7bd7b1>;0241449.ttl;Ensemble intercontemporain;20/11/1996;
;;;;
<http://data.doremus.org/performance/009fe1d1-6a13-34e1-8a3e-6c2b907954b6>;6487.ttl;Budapest Festival Orchestra;09/01/2010;SimilaritÃ© :1.0
<http://data.doremus.org/performance/3c0ca17a-467e-3286-bb2b-9ea3acfeb569>;0960343.ttl;Budapest Festival Orchestra;05/03/2011;
;;;;
<http://data.doremus.org/performance/f0218a8d-b42d-353a-a37b-119de7679793>;10753.ttl;Ensemble intercontemporain;25/02/2011;SimilaritÃ© :1.0
<http://data.doremus.org/performance/ac5b81bb-f334-369b-a966-4c60aba3f347>;0240344.ttl;Ensemble intercontemporain;22/12/1996;
;;;;
<http://data.doremus.org/performance/f0218a8d-b42d-353a-a37b-119de7679793>;10753.ttl;Ensemble intercontemporain;25/02/2011;SimilaritÃ© :1.0
<http://data.doremus.org/performance/c51b7528-4f37-367e-8f9d-5b8a3a7bd7b1>;0241449.ttl;Ensemble intercontemporain;20/11/1996;
;;;;
<http://data.doremus.org/performance/4cd29369-50c2-35e8-ab09-387027364f60>;10080.ttl;Ensemble intercontemporain;15/04/2010;SimilaritÃ© :1.0
<http://data.doremus.org/performance/ac5b81bb-f334-369b-a966-4c60aba3f347>;0240344.ttl;Ensemble intercontemporain;22/12/1996;
;;;;
<http://data.doremus.org/performance/4cd29369-50c2-35e8-ab09-387027364f60>;10080.ttl;Ensemble intercontemporain;15/04/2010;SimilaritÃ© :1.0
<http://data.doremus.org/performance/c51b7528-4f37-367e-8f9d-5b8a3a7bd7b1>;0241449.ttl;Ensemble intercontemporain;20/11/1996;
;;;;
<http://data.doremus.org/performance/a538e9e7-0bca-3162-9624-ec005c7a9bf8>;6450.ttl;SimÃ³n BolÃ­var Youth Orchestra Venezuela;24/10/2009;SimilaritÃ© :1.0
<http://data.doremus.org/performance/050ec49c-7a00-3a2b-8c25-29115589fb04>;0924969.ttl;SimÃ³n BolÃ­var Youth Orchestra Venezuela;23/10/2009;
;;;;
<http://data.doremus.org/performance/7744e91c-5ce0-3dea-a4ce-655bc562b624>;5714.ttl;La petite renarde rusÃ©e;08/03/2009;SimilaritÃ© :1.0
<http://data.doremus.org/performance/3e3d50a3-51d4-3dc9-a870-bc8726b64d7c>;1070561.ttl;La petite renarde rusÃ©e;07/03/2009;
;;;;
<http://data.doremus.org/performance/de3f5b3e-5861-3481-ab1b-4cff929c08f1>;10130.ttl;Chamber Orchestra of Europe;17/04/2010;SimilaritÃ© :1.0
<http://data.doremus.org/performance/eae12303-fb63-3a1a-bf55-6d9cc8aed1de>;0240336.ttl;Chamber orchestra of Europe;13/04/1997;
;;;;
<http://data.doremus.org/performance/de3f5b3e-5861-3481-ab1b-4cff929c08f1>;10130.ttl;Chamber Orchestra of Europe;17/04/2010;SimilaritÃ© :1.0
<http://data.doremus.org/performance/d9ea7639-de11-3fbd-a5e0-0487595c5cff>;0241240.ttl;Chamber orchestra of Europe;29/04/1998;
;;;;
<http://data.doremus.org/performance/de3f5b3e-5861-3481-ab1b-4cff929c08f1>;10130.ttl;Chamber Orchestra of Europe;17/04/2010;SimilaritÃ© :1.0
<http://data.doremus.org/performance/79332ad1-10e5-3d83-9da3-f34a0e5bc935>;0241078.ttl;Chamber orchestra of Europe;14/06/1997;
;;;;
<http://data.doremus.org/performance/6f7e206d-94de-3569-8865-a1db7b0936d9>;6500.ttl;London Symphony Orchestra;30/01/2010;SimilaritÃ© :1.0
<http://data.doremus.org/performance/3d25a05c-b9be-3da5-b6bf-72db19b529e9>;0960360.ttl;London Symphony Orchestra;28/03/2011;
;;;;
<http://data.doremus.org/performance/8fda3caf-3546-3ebc-995f-8e7ff423d6a5>;6519.ttl;Orchestre Philharmonique de Radio France;23/02/2010;SimilaritÃ© :1.0
<http://data.doremus.org/performance/15198688-34bd-373e-b4e0-7a359bba4e9b>;0956005.ttl;Orchestre Philharmonique de Radio France;07/01/2011;
;;;;
<http://data.doremus.org/performance/1d8e8d34-6c62-34ff-b230-6f8e0dd1f588>;6531.ttl;Orchestre Philharmonique de Radio France;18/06/2010;SimilaritÃ© :1.0
<http://data.doremus.org/performance/15198688-34bd-373e-b4e0-7a359bba4e9b>;0956005.ttl;Orchestre Philharmonique de Radio France;07/01/2011;
;;;;
<http://data.doremus.org/performance/64034c7d-e813-3eed-95ba-b88e97edf67b>;6635.ttl;Orchestre Philharmonique de Radio France;19/03/2010;SimilaritÃ© :1.0
<http://data.doremus.org/performance/15198688-34bd-373e-b4e0-7a359bba4e9b>;0956005.ttl;Orchestre Philharmonique de Radio France;07/01/2011;
;;;;
<http://data.doremus.org/performance/af5a69c7-f9c0-3ace-9956-62e312b9324f>;6446.ttl;Ensemble intercontemporain;17/10/2009;SimilaritÃ© :1.0
<http://data.doremus.org/performance/ac5b81bb-f334-369b-a966-4c60aba3f347>;0240344.ttl;Ensemble intercontemporain;22/12/1996;
;;;;
<http://data.doremus.org/performance/af5a69c7-f9c0-3ace-9956-62e312b9324f>;6446.ttl;Ensemble intercontemporain;17/10/2009;SimilaritÃ© :1.0
<http://data.doremus.org/performance/c51b7528-4f37-367e-8f9d-5b8a3a7bd7b1>;0241449.ttl;Ensemble intercontemporain;20/11/1996;
;;;;
<http://data.doremus.org/performance/13639d7c-b5c0-30be-9bb0-ca5f0c15ac3b>;10027.ttl;Ensemble intercontemporain;23/10/2009;SimilaritÃ© :1.0
<http://data.doremus.org/performance/ac5b81bb-f334-369b-a966-4c60aba3f347>;0240344.ttl;Ensemble intercontemporain;22/12/1996;
;;;;
<http://data.doremus.org/performance/13639d7c-b5c0-30be-9bb0-ca5f0c15ac3b>;10027.ttl;Ensemble intercontemporain;23/10/2009;SimilaritÃ© :1.0
<http://data.doremus.org/performance/c51b7528-4f37-367e-8f9d-5b8a3a7bd7b1>;0241449.ttl;Ensemble intercontemporain;20/11/1996;
;;;;
<http://data.doremus.org/performance/e8a8848d-f079-3d75-a3a0-27ba486edf3c>;6514.ttl;Anniversaire Christoph Eschenbach;18/02/2010;SimilaritÃ© :1.0
<http://data.doremus.org/performance/a615abfc-2d95-3f60-a989-f6a95871b933>;0935344.ttl;Anniversaire Christoph Eschenbach;20/02/2010;
;;;;
<http://data.doremus.org/performance/e8a8848d-f079-3d75-a3a0-27ba486edf3c>;6514.ttl;Anniversaire Christoph Eschenbach;17/02/2010;SimilaritÃ© :1.0
<http://data.doremus.org/performance/a615abfc-2d95-3f60-a989-f6a95871b933>;0935344.ttl;Anniversaire Christoph Eschenbach;20/02/2010;
;;;;
<http://data.doremus.org/performance/88191cf3-a8f6-3fe8-9cf0-e1596519ed00>;5401.ttl;Chamber Orchestra of Europe;20/11/2008;SimilaritÃ© :1.0
<http://data.doremus.org/performance/eae12303-fb63-3a1a-bf55-6d9cc8aed1de>;0240336.ttl;Chamber orchestra of Europe;13/04/1997;
;;;;
<http://data.doremus.org/performance/88191cf3-a8f6-3fe8-9cf0-e1596519ed00>;5401.ttl;Chamber Orchestra of Europe;20/11/2008;SimilaritÃ© :1.0
<http://data.doremus.org/performance/d9ea7639-de11-3fbd-a5e0-0487595c5cff>;0241240.ttl;Chamber orchestra of Europe;29/04/1998;
;;;;
<http://data.doremus.org/performance/88191cf3-a8f6-3fe8-9cf0-e1596519ed00>;5401.ttl;Chamber Orchestra of Europe;20/11/2008;SimilaritÃ© :1.0
<http://data.doremus.org/performance/79332ad1-10e5-3d83-9da3-f34a0e5bc935>;0241078.ttl;Chamber orchestra of Europe;14/06/1997;
;;;;
<http://data.doremus.org/performance/bd53b7d4-0c07-3247-98cc-1e5d8553d6b5>;6442.ttl;Orchestre Philharmonique de Radio France;16/10/2009;SimilaritÃ© :1.0
<http://data.doremus.org/performance/15198688-34bd-373e-b4e0-7a359bba4e9b>;0956005.ttl;Orchestre Philharmonique de Radio France;07/01/2011;
;;;;
<http://data.doremus.org/performance/f7f6164f-158b-31d8-b09c-a23f1ba650d4>;5350.ttl;Ensemble intercontemporain;07/04/2009;SimilaritÃ© :1.0
<http://data.doremus.org/performance/ac5b81bb-f334-369b-a966-4c60aba3f347>;0240344.ttl;Ensemble intercontemporain;22/12/1996;
;;;;
<http://data.doremus.org/performance/f7f6164f-158b-31d8-b09c-a23f1ba650d4>;5350.ttl;Ensemble intercontemporain;07/04/2009;SimilaritÃ© :1.0
<http://data.doremus.org/performance/c51b7528-4f37-367e-8f9d-5b8a3a7bd7b1>;0241449.ttl;Ensemble intercontemporain;20/11/1996;
;;;;
<http://data.doremus.org/performance/72bc317c-9e62-3625-aff2-d372f59ad9fa>;10906.ttl;Orchestre du ThÃ©Ã¢tre Mariinsky - Valery Gergiev;12/12/2010;SimilaritÃ© :1.0
<http://data.doremus.org/performance/de3300f6-e5f2-3371-812c-ed56de326b1d>;1014019.ttl;Orchestre du ThÃ©Ã¢tre Mariinsky, Valery Gergiev;17/02/2014;
;;;;
<http://data.doremus.org/performance/8dc3fbef-ca2b-3de9-82a6-35fd058bb8dd>;10168.ttl;Les Dissonances, David Grimal;09/03/2010;SimilaritÃ© :1.0
<http://data.doremus.org/performance/7966c253-0cd2-39a7-bd27-21a34e5a75fa>;1062228.ttl;Les Dissonances, David Grimal;30/01/2017;
;;;;
<http://data.doremus.org/performance/8dc3fbef-ca2b-3de9-82a6-35fd058bb8dd>;10168.ttl;Les Dissonances, David Grimal;09/03/2010;SimilaritÃ© :1.0
<http://data.doremus.org/performance/4280cb11-94bb-3fd2-827c-4adcff8d8fd7>;1023315.ttl;Les Dissonances, David Grimal;21/10/2014;
;;;;
<http://data.doremus.org/performance/8dc3fbef-ca2b-3de9-82a6-35fd058bb8dd>;10168.ttl;Les Dissonances, David Grimal;09/03/2010;SimilaritÃ© :1.0
<http://data.doremus.org/performance/850618f8-2702-33f6-a43a-5c85c4c29c65>;1033088.ttl;Les Dissonances. David Grimal;01/04/2015;
;;;;
<http://data.doremus.org/performance/8dc3fbef-ca2b-3de9-82a6-35fd058bb8dd>;10168.ttl;Les Dissonances, David Grimal;09/03/2010;SimilaritÃ© :1.0
<http://data.doremus.org/performance/1386ad04-a768-3b93-af13-980357c76121>;1040876.ttl;Les Dissonances : David Grimal;06/10/2015;
;;;;
<http://data.doremus.org/performance/8dc3fbef-ca2b-3de9-82a6-35fd058bb8dd>;10168.ttl;Les Dissonances, David Grimal;09/03/2010;SimilaritÃ© :1.0
<http://data.doremus.org/performance/8ae7da6a-8728-39ac-bf83-13e2157c200c>;1030927.ttl;Les Dissonances, David Grimal;09/02/2015;
;;;;
<http://data.doremus.org/performance/7479733c-64e3-3f43-97a5-021c6107ef56>;6420.ttl;Orchestre Philharmonique de Radio France;18/09/2009;SimilaritÃ© :1.0
<http://data.doremus.org/performance/15198688-34bd-373e-b4e0-7a359bba4e9b>;0956005.ttl;Orchestre Philharmonique de Radio France;07/01/2011;
;;;;
<http://data.doremus.org/performance/244d1f8e-1c8b-3c2c-8ec1-864e8cea86eb>;6526.ttl;Orchestre Philharmonique de Radio France;16/04/2010;SimilaritÃ© :1.0
<http://data.doremus.org/performance/15198688-34bd-373e-b4e0-7a359bba4e9b>;0956005.ttl;Orchestre Philharmonique de Radio France;07/01/2011;
;;;;
<http://data.doremus.org/performance/bda8b8e4-f5cf-32b8-9777-53c5af33efff>;10719.ttl;Orchestre de Paris - Paavo JÃ¤rvi - Vadim Repin;14/10/2010;SimilaritÃ© :1.0
<http://data.doremus.org/performance/1eda96be-f3d1-3faf-a10a-b9e657ef4980>;0950803.ttl;Orchestre de Paris, Paavo JÃ¤rvi, Vadim Repin;13/10/2010;
;;;;
<http://data.doremus.org/performance/55854687-72ef-32db-b8e8-f226bb4da254>;10698.ttl;Ensemble intercontemporain;27/11/2010;SimilaritÃ© :1.0
<http://data.doremus.org/performance/ac5b81bb-f334-369b-a966-4c60aba3f347>;0240344.ttl;Ensemble intercontemporain;22/12/1996;
;;;;
<http://data.doremus.org/performance/55854687-72ef-32db-b8e8-f226bb4da254>;10698.ttl;Ensemble intercontemporain;27/11/2010;SimilaritÃ© :1.0
<http://data.doremus.org/performance/c51b7528-4f37-367e-8f9d-5b8a3a7bd7b1>;0241449.ttl;Ensemble intercontemporain;20/11/1996;
;;;;
<http://data.doremus.org/performance/199a694b-a23a-34e1-a458-00a43c5d09fa>;10692.ttl;Ensemble intercontemporain;13/11/2010;SimilaritÃ© :1.0
<http://data.doremus.org/performance/ac5b81bb-f334-369b-a966-4c60aba3f347>;0240344.ttl;Ensemble intercontemporain;22/12/1996;
;;;;
<http://data.doremus.org/performance/199a694b-a23a-34e1-a458-00a43c5d09fa>;10692.ttl;Ensemble intercontemporain;13/11/2010;SimilaritÃ© :1.0
<http://data.doremus.org/performance/c51b7528-4f37-367e-8f9d-5b8a3a7bd7b1>;0241449.ttl;Ensemble intercontemporain;20/11/1996;
;;;;
<http://data.doremus.org/performance/44e4ef8e-ac41-3025-b160-975e0c87740d>;10106.ttl;Ensemble intercontemporain;09/02/2010;SimilaritÃ© :1.0
<http://data.doremus.org/performance/ac5b81bb-f334-369b-a966-4c60aba3f347>;0240344.ttl;Ensemble intercontemporain;22/12/1996;
;;;;
<http://data.doremus.org/performance/44e4ef8e-ac41-3025-b160-975e0c87740d>;10106.ttl;Ensemble intercontemporain;09/02/2010;SimilaritÃ© :1.0
<http://data.doremus.org/performance/c51b7528-4f37-367e-8f9d-5b8a3a7bd7b1>;0241449.ttl;Ensemble intercontemporain;20/11/1996;
;;;;
<http://data.doremus.org/performance/c8e5543b-0904-361c-ae37-3d40f12579aa>;10749.ttl;Ensemble intercontemporain;11/02/2011;SimilaritÃ© :1.0
<http://data.doremus.org/performance/ac5b81bb-f334-369b-a966-4c60aba3f347>;0240344.ttl;Ensemble intercontemporain;22/12/1996;
;;;;
<http://data.doremus.org/performance/c8e5543b-0904-361c-ae37-3d40f12579aa>;10749.ttl;Ensemble intercontemporain;11/02/2011;SimilaritÃ© :1.0
<http://data.doremus.org/performance/c51b7528-4f37-367e-8f9d-5b8a3a7bd7b1>;0241449.ttl;Ensemble intercontemporain;20/11/1996;
;;;;
<http://data.doremus.org/performance/438f63b8-8928-3c76-8220-98e7ca25d45c>;10104.ttl;Orchestre Philharmonique de Radio France;05/02/2010;SimilaritÃ© :1.0
<http://data.doremus.org/performance/15198688-34bd-373e-b4e0-7a359bba4e9b>;0956005.ttl;Orchestre Philharmonique de Radio France;07/01/2011;
;;;;
<http://data.doremus.org/performance/da022714-9d72-3429-b245-648bd18991a8>;5434.ttl;Ensemble intercontemporain;06/02/2009;SimilaritÃ© :1.0
<http://data.doremus.org/performance/ac5b81bb-f334-369b-a966-4c60aba3f347>;0240344.ttl;Ensemble intercontemporain;22/12/1996;
;;;;
<http://data.doremus.org/performance/da022714-9d72-3429-b245-648bd18991a8>;5434.ttl;Ensemble intercontemporain;06/02/2009;SimilaritÃ© :1.0
<http://data.doremus.org/performance/c51b7528-4f37-367e-8f9d-5b8a3a7bd7b1>;0241449.ttl;Ensemble intercontemporain;20/11/1996;
;;;;
<http://data.doremus.org/performance/b754dfc4-50c0-34a0-92c3-e27fe47602ac>;6485.ttl;Orchestre Philharmonique de Radio France;08/01/2010;SimilaritÃ© :1.0
<http://data.doremus.org/performance/15198688-34bd-373e-b4e0-7a359bba4e9b>;0956005.ttl;Orchestre Philharmonique de Radio France;07/01/2011;
;;;;
<http://data.doremus.org/performance/eca42ee8-898f-3672-bc82-19db989204c0>;5342.ttl;Orchestre Philharmonique de Radio France;20/09/2008;SimilaritÃ© :1.0
<http://data.doremus.org/performance/15198688-34bd-373e-b4e0-7a359bba4e9b>;0956005.ttl;Orchestre Philharmonique de Radio France;07/01/2011;
;;;;
<http://data.doremus.org/performance/26e20d27-76f1-35d1-ae69-a5734794ec77>;10019.ttl;Ensemble intercontemporain;30/09/2009;SimilaritÃ© :1.0
<http://data.doremus.org/performance/ac5b81bb-f334-369b-a966-4c60aba3f347>;0240344.ttl;Ensemble intercontemporain;22/12/1996;
;;;;
<http://data.doremus.org/performance/26e20d27-76f1-35d1-ae69-a5734794ec77>;10019.ttl;Ensemble intercontemporain;30/09/2009;SimilaritÃ© :1.0
<http://data.doremus.org/performance/c51b7528-4f37-367e-8f9d-5b8a3a7bd7b1>;0241449.ttl;Ensemble intercontemporain;20/11/1996;
;;;;
<http://data.doremus.org/performance/652c4e80-0199-3562-83cb-a718150333d1>;5426.ttl;Chamber Orchestra of Europe;23/01/2009;SimilaritÃ© :1.0
<http://data.doremus.org/performance/eae12303-fb63-3a1a-bf55-6d9cc8aed1de>;0240336.ttl;Chamber orchestra of Europe;13/04/1997;
;;;;
<http://data.doremus.org/performance/652c4e80-0199-3562-83cb-a718150333d1>;5426.ttl;Chamber Orchestra of Europe;23/01/2009;SimilaritÃ© :1.0
<http://data.doremus.org/performance/d9ea7639-de11-3fbd-a5e0-0487595c5cff>;0241240.ttl;Chamber orchestra of Europe;29/04/1998;
;;;;
<http://data.doremus.org/performance/652c4e80-0199-3562-83cb-a718150333d1>;5426.ttl;Chamber Orchestra of Europe;23/01/2009;SimilaritÃ© :1.0
<http://data.doremus.org/performance/79332ad1-10e5-3d83-9da3-f34a0e5bc935>;0241078.ttl;Chamber orchestra of Europe;14/06/1997;
;;;;
<http://data.doremus.org/performance/652c4e80-0199-3562-83cb-a718150333d1>;5426.ttl;Chamber Orchestra of Europe;24/01/2009;SimilaritÃ© :1.0
<http://data.doremus.org/performance/eae12303-fb63-3a1a-bf55-6d9cc8aed1de>;0240336.ttl;Chamber orchestra of Europe;13/04/1997;
;;;;
<http://data.doremus.org/performance/652c4e80-0199-3562-83cb-a718150333d1>;5426.ttl;Chamber Orchestra of Europe;24/01/2009;SimilaritÃ© :1.0
<http://data.doremus.org/performance/d9ea7639-de11-3fbd-a5e0-0487595c5cff>;0241240.ttl;Chamber orchestra of Europe;29/04/1998;
;;;;
<http://data.doremus.org/performance/652c4e80-0199-3562-83cb-a718150333d1>;5426.ttl;Chamber Orchestra of Europe;24/01/2009;SimilaritÃ© :1.0
<http://data.doremus.org/performance/79332ad1-10e5-3d83-9da3-f34a0e5bc935>;0241078.ttl;Chamber orchestra of Europe;14/06/1997;
;;;;
<http://data.doremus.org/performance/501c6e88-267f-32fa-9c8f-6596a41e3daf>;5466.ttl;Chamber Orchestra of Europe;30/04/2009;SimilaritÃ© :1.0
<http://data.doremus.org/performance/eae12303-fb63-3a1a-bf55-6d9cc8aed1de>;0240336.ttl;Chamber orchestra of Europe;13/04/1997;
;;;;
<http://data.doremus.org/performance/501c6e88-267f-32fa-9c8f-6596a41e3daf>;5466.ttl;Chamber Orchestra of Europe;30/04/2009;SimilaritÃ© :1.0
<http://data.doremus.org/performance/d9ea7639-de11-3fbd-a5e0-0487595c5cff>;0241240.ttl;Chamber orchestra of Europe;29/04/1998;
;;;;
<http://data.doremus.org/performance/501c6e88-267f-32fa-9c8f-6596a41e3daf>;5466.ttl;Chamber Orchestra of Europe;30/04/2009;SimilaritÃ© :1.0
<http://data.doremus.org/performance/79332ad1-10e5-3d83-9da3-f34a0e5bc935>;0241078.ttl;Chamber orchestra of Europe;14/06/1997;
;;;;
<http://data.doremus.org/performance/501c6e88-267f-32fa-9c8f-6596a41e3daf>;5466.ttl;Chamber Orchestra of Europe;29/04/2009;SimilaritÃ© :1.0
<http://data.doremus.org/performance/eae12303-fb63-3a1a-bf55-6d9cc8aed1de>;0240336.ttl;Chamber orchestra of Europe;13/04/1997;
;;;;
<http://data.doremus.org/performance/501c6e88-267f-32fa-9c8f-6596a41e3daf>;5466.ttl;Chamber Orchestra of Europe;29/04/2009;SimilaritÃ© :1.0
<http://data.doremus.org/performance/d9ea7639-de11-3fbd-a5e0-0487595c5cff>;0241240.ttl;Chamber orchestra of Europe;29/04/1998;
;;;;
<http://data.doremus.org/performance/501c6e88-267f-32fa-9c8f-6596a41e3daf>;5466.ttl;Chamber Orchestra of Europe;29/04/2009;SimilaritÃ© :1.0
<http://data.doremus.org/performance/79332ad1-10e5-3d83-9da3-f34a0e5bc935>;0241078.ttl;Chamber orchestra of Europe;14/06/1997;
;;;;
<http://data.doremus.org/performance/f4b88c51-b521-3ae9-9117-9f8e336f515e>;10136.ttl;Ensemble intercontemporain;11/06/2010;SimilaritÃ© :1.0
<http://data.doremus.org/performance/ac5b81bb-f334-369b-a966-4c60aba3f347>;0240344.ttl;Ensemble intercontemporain;22/12/1996;
;;;;
<http://data.doremus.org/performance/f4b88c51-b521-3ae9-9117-9f8e336f515e>;10136.ttl;Ensemble intercontemporain;11/06/2010;SimilaritÃ© :1.0
<http://data.doremus.org/performance/c51b7528-4f37-367e-8f9d-5b8a3a7bd7b1>;0241449.ttl;Ensemble intercontemporain;20/11/1996;
;;;;
<http://data.doremus.org/performance/6a27b3e7-7bc3-3911-96ea-68065a6d590a>;6501.ttl;London Symphony Orchestra;31/01/2010;SimilaritÃ© :1.0
<http://data.doremus.org/performance/3d25a05c-b9be-3da5-b6bf-72db19b529e9>;0960360.ttl;London Symphony Orchestra;28/03/2011;
;;;;
<http://data.doremus.org/performance/4455198f-4bc3-3b47-aa38-59b877632cc9>;10135.ttl;Chamber Orchestra of Europe;29/05/2010;SimilaritÃ© :1.0
<http://data.doremus.org/performance/eae12303-fb63-3a1a-bf55-6d9cc8aed1de>;0240336.ttl;Chamber orchestra of Europe;13/04/1997;
;;;;
<http://data.doremus.org/performance/4455198f-4bc3-3b47-aa38-59b877632cc9>;10135.ttl;Chamber Orchestra of Europe;29/05/2010;SimilaritÃ© :1.0
<http://data.doremus.org/performance/d9ea7639-de11-3fbd-a5e0-0487595c5cff>;0241240.ttl;Chamber orchestra of Europe;29/04/1998;
;;;;
<http://data.doremus.org/performance/4455198f-4bc3-3b47-aa38-59b877632cc9>;10135.ttl;Chamber Orchestra of Europe;29/05/2010;SimilaritÃ© :1.0
<http://data.doremus.org/performance/79332ad1-10e5-3d83-9da3-f34a0e5bc935>;0241078.ttl;Chamber orchestra of Europe;14/06/1997;
;;;;
<http://data.doremus.org/performance/39d3ccd3-d1de-30e1-bf3d-b780a2432b5a>;10905.ttl;Orchestre du ThÃ©Ã¢tre Mariinsky - Valery Gergiev;11/12/2010;SimilaritÃ© :1.0
<http://data.doremus.org/performance/de3300f6-e5f2-3371-812c-ed56de326b1d>;1014019.ttl;Orchestre du ThÃ©Ã¢tre Mariinsky, Valery Gergiev;17/02/2014;
;;;;
<http://data.doremus.org/performance/82d006bd-2ad4-3c13-ad4c-14ae8958e5c6>;10709.ttl;Orchestre Philharmonique de Radio France - Eliahu Inbal - Marc Coppey;17/09/2010;SimilaritÃ© :1.0
<http://data.doremus.org/performance/1e395b0d-d6f4-3920-a59a-47ff4a3c4171>;0995446.ttl;Orchestre Philharmonique de Radio France, Eliahu Inbal, Marc Coppey;14/12/2012;
;;;;
<http://data.doremus.org/performance/92d8788e-712d-3f69-bdf2-b8b1e815dc6b>;10406.ttl;Christophe;15/03/2010;SimilaritÃ© :1.0
<http://data.doremus.org/performance/ea5a3988-0a53-3c73-afcb-e02fa498d833>;0936151.ttl;Christophe;16/03/2010;
;;;;
<http://data.doremus.org/performance/290972f5-faa6-3dde-af23-44cd77ab519d>;5476.ttl;Orchestre Philharmonique de Radio France;31/05/2009;SimilaritÃ© :1.0
<http://data.doremus.org/performance/15198688-34bd-373e-b4e0-7a359bba4e9b>;0956005.ttl;Orchestre Philharmonique de Radio France;07/01/2011;
;;;;
<http://data.doremus.org/performance/0664c3eb-318c-3f20-9c10-834d07e9c39f>;10962.ttl;Chamber Orchestra of Europe - Bernard Haitink;19/01/2011;SimilaritÃ© :1.0
<http://data.doremus.org/performance/3e9f2093-0d70-3066-94f6-9a4d7d46f60c>;0955975.ttl;Chamber Orchestra of Europe. Bernard Haitink;18/01/2011;
;;;;
<http://data.doremus.org/performance/5f74761a-ddf5-3db4-b9fa-241acc930b3c>;10169.ttl;Les Dissonances, David Grimal;18/05/2010;SimilaritÃ© :1.0
<http://data.doremus.org/performance/7966c253-0cd2-39a7-bd27-21a34e5a75fa>;1062228.ttl;Les Dissonances, David Grimal;30/01/2017;
;;;;
<http://data.doremus.org/performance/5f74761a-ddf5-3db4-b9fa-241acc930b3c>;10169.ttl;Les Dissonances, David Grimal;18/05/2010;SimilaritÃ© :1.0
<http://data.doremus.org/performance/4280cb11-94bb-3fd2-827c-4adcff8d8fd7>;1023315.ttl;Les Dissonances, David Grimal;21/10/2014;
;;;;
<http://data.doremus.org/performance/5f74761a-ddf5-3db4-b9fa-241acc930b3c>;10169.ttl;Les Dissonances, David Grimal;18/05/2010;SimilaritÃ© :1.0
<http://data.doremus.org/performance/850618f8-2702-33f6-a43a-5c85c4c29c65>;1033088.ttl;Les Dissonances. David Grimal;01/04/2015;
;;;;
<http://data.doremus.org/performance/5f74761a-ddf5-3db4-b9fa-241acc930b3c>;10169.ttl;Les Dissonances, David Grimal;18/05/2010;SimilaritÃ© :1.0
<http://data.doremus.org/performance/1386ad04-a768-3b93-af13-980357c76121>;1040876.ttl;Les Dissonances : David Grimal;06/10/2015;
;;;;
<http://data.doremus.org/performance/5f74761a-ddf5-3db4-b9fa-241acc930b3c>;10169.ttl;Les Dissonances, David Grimal;18/05/2010;SimilaritÃ© :1.0
<http://data.doremus.org/performance/8ae7da6a-8728-39ac-bf83-13e2157c200c>;1030927.ttl;Les Dissonances, David Grimal;09/02/2015;
;;;;
<http://data.doremus.org/performance/bc1044cf-7007-35f5-bc72-233e2e0a95d6>;5453.ttl;Ensemble intercontemporain;24/03/2009;SimilaritÃ© :1.0
<http://data.doremus.org/performance/ac5b81bb-f334-369b-a966-4c60aba3f347>;0240344.ttl;Ensemble intercontemporain;22/12/1996;
;;;;
<http://data.doremus.org/performance/bc1044cf-7007-35f5-bc72-233e2e0a95d6>;5453.ttl;Ensemble intercontemporain;24/03/2009;SimilaritÃ© :1.0
<http://data.doremus.org/performance/c51b7528-4f37-367e-8f9d-5b8a3a7bd7b1>;0241449.ttl;Ensemble intercontemporain;20/11/1996;
;;;;
<http://data.doremus.org/performance/96323487-ade9-3862-96f5-c2cbc2769997>;6454.ttl;Orchestre Philharmonique de Radio France;06/11/2009;SimilaritÃ© :1.0
<http://data.doremus.org/performance/15198688-34bd-373e-b4e0-7a359bba4e9b>;0956005.ttl;Orchestre Philharmonique de Radio France;07/01/2011;
;;;;
<http://data.doremus.org/performance/fc03823c-8a81-3291-b382-3b2336ff85f3>;5454.ttl;Orchestre Philharmonique de Radio France;26/03/2009;SimilaritÃ© :1.0
<http://data.doremus.org/performance/15198688-34bd-373e-b4e0-7a359bba4e9b>;0956005.ttl;Orchestre Philharmonique de Radio France;07/01/2011;
;;;;
<http://data.doremus.org/performance/1bd5aead-f884-393c-9c40-d997bb92d234>;6429.ttl;London Symphony Orchestra;27/09/2009;SimilaritÃ© :1.0
<http://data.doremus.org/performance/3d25a05c-b9be-3da5-b6bf-72db19b529e9>;0960360.ttl;London Symphony Orchestra;28/03/2011;
;;;;
<http://data.doremus.org/performance/fbd373a8-72cf-3e45-885e-4f1b8f200240>;11799.ttl;Orchestre Divertimento ;13/02/2011;SimilaritÃ© :1.0
<http://data.doremus.org/performance/0a7e3e70-a9ec-332c-b81e-b713c9066f15>;0934775.ttl;Orchestre Divertimento;17/02/2010;
;;;;
<http://data.doremus.org/performance/0d9115a1-9e1b-3168-becd-a4f3667174a5>;5442.ttl;Ensemble intercontemporain;25/02/2009;SimilaritÃ© :1.0
<http://data.doremus.org/performance/ac5b81bb-f334-369b-a966-4c60aba3f347>;0240344.ttl;Ensemble intercontemporain;22/12/1996;
;;;;
<http://data.doremus.org/performance/0d9115a1-9e1b-3168-becd-a4f3667174a5>;5442.ttl;Ensemble intercontemporain;25/02/2009;SimilaritÃ© :1.0
<http://data.doremus.org/performance/c51b7528-4f37-367e-8f9d-5b8a3a7bd7b1>;0241449.ttl;Ensemble intercontemporain;20/11/1996;
;;;;
<http://data.doremus.org/performance/e005c43f-e07b-31a2-a3e4-16e94a149624>;6527.ttl;Orchestre Philharmonique de Radio France;23/04/2010;SimilaritÃ© :1.0
<http://data.doremus.org/performance/15198688-34bd-373e-b4e0-7a359bba4e9b>;0956005.ttl;Orchestre Philharmonique de Radio France;07/01/2011;
;;;;
<http://data.doremus.org/performance/a9cf7948-123d-3923-84d7-35618c886f5a>;5475.ttl;Chamber Orchestra of Europe;28/05/2009;SimilaritÃ© :1.0
<http://data.doremus.org/performance/eae12303-fb63-3a1a-bf55-6d9cc8aed1de>;0240336.ttl;Chamber orchestra of Europe;13/04/1997;
;;;;
<http://data.doremus.org/performance/a9cf7948-123d-3923-84d7-35618c886f5a>;5475.ttl;Chamber Orchestra of Europe;28/05/2009;SimilaritÃ© :1.0
<http://data.doremus.org/performance/d9ea7639-de11-3fbd-a5e0-0487595c5cff>;0241240.ttl;Chamber orchestra of Europe;29/04/1998;
;;;;
<http://data.doremus.org/performance/a9cf7948-123d-3923-84d7-35618c886f5a>;5475.ttl;Chamber Orchestra of Europe;28/05/2009;SimilaritÃ© :1.0
<http://data.doremus.org/performance/79332ad1-10e5-3d83-9da3-f34a0e5bc935>;0241078.ttl;Chamber orchestra of Europe;14/06/1997;
;;;;
<http://data.doremus.org/performance/a9cf7948-123d-3923-84d7-35618c886f5a>;5475.ttl;Chamber Orchestra of Europe;27/05/2009;SimilaritÃ© :1.0
<http://data.doremus.org/performance/eae12303-fb63-3a1a-bf55-6d9cc8aed1de>;0240336.ttl;Chamber orchestra of Europe;13/04/1997;
;;;;
<http://data.doremus.org/performance/a9cf7948-123d-3923-84d7-35618c886f5a>;5475.ttl;Chamber Orchestra of Europe;27/05/2009;SimilaritÃ© :1.0
<http://data.doremus.org/performance/d9ea7639-de11-3fbd-a5e0-0487595c5cff>;0241240.ttl;Chamber orchestra of Europe;29/04/1998;
;;;;
<http://data.doremus.org/performance/a9cf7948-123d-3923-84d7-35618c886f5a>;5475.ttl;Chamber Orchestra of Europe;27/05/2009;SimilaritÃ© :1.0
<http://data.doremus.org/performance/79332ad1-10e5-3d83-9da3-f34a0e5bc935>;0241078.ttl;Chamber orchestra of Europe;14/06/1997;
;;;;
<http://data.doremus.org/performance/db7726b0-0e50-3922-8e2c-2e5c195e18b8>;6529.ttl;Orchestre Philharmonique de Radio France;29/05/2010;SimilaritÃ© :1.0
<http://data.doremus.org/performance/15198688-34bd-373e-b4e0-7a359bba4e9b>;0956005.ttl;Orchestre Philharmonique de Radio France;07/01/2011;
;;;;
<http://data.doremus.org/performance/1612180a-69d7-366e-bf82-9fc055669d43>;6685.ttl;Wayne Shorter Quartet;29/10/2009;SimilaritÃ© :1.0
<http://data.doremus.org/performance/8701db8d-9f1e-3a92-b8a4-10bbd8556ae4>;1004463.ttl;Wayne Shorter Quartet;03/11/2012;
;;;;
<http://data.doremus.org/performance/8d680ede-da61-3d14-a2b2-d3479dca693a>;10904.ttl;Orchestre Philharmonique de Radio France - Myung-Whun Chung;10/12/2010;SimilaritÃ© :1.0
<http://data.doremus.org/performance/7728c0a1-7562-36da-b399-f7b2ddbea81a>;0983800.ttl;Orchestre Philharmonique de Radio France, Myung-Whun Chung;16/03/2012;
;;;;
<http://data.doremus.org/performance/8d680ede-da61-3d14-a2b2-d3479dca693a>;10904.ttl;Orchestre Philharmonique de Radio France - Myung-Whun Chung;10/12/2010;SimilaritÃ© :1.0
<http://data.doremus.org/performance/0b5a2ca0-74ca-37a9-b2d4-cb6509de81c9>;1016854.ttl;Orchestre Philharmonique de Radio France, Myung-Whun Chung;11/04/2014;
;;;;
<http://data.doremus.org/performance/8f309898-c590-3e70-a5b4-752bb7a90280>;6427.ttl;Orchestre Philharmonique de Radio France;25/09/2009;SimilaritÃ© :1.0
<http://data.doremus.org/performance/15198688-34bd-373e-b4e0-7a359bba4e9b>;0956005.ttl;Orchestre Philharmonique de Radio France;07/01/2011;
;;;;
<http://data.doremus.org/performance/aa900100-e304-3e8d-a959-a3e562ff8381>;10022.ttl;Chamber Orchestra of Europe;06/10/2009;SimilaritÃ© :1.0
<http://data.doremus.org/performance/eae12303-fb63-3a1a-bf55-6d9cc8aed1de>;0240336.ttl;Chamber orchestra of Europe;13/04/1997;
;;;;
<http://data.doremus.org/performance/aa900100-e304-3e8d-a959-a3e562ff8381>;10022.ttl;Chamber Orchestra of Europe;06/10/2009;SimilaritÃ© :1.0
<http://data.doremus.org/performance/d9ea7639-de11-3fbd-a5e0-0487595c5cff>;0241240.ttl;Chamber orchestra of Europe;29/04/1998;
;;;;
<http://data.doremus.org/performance/aa900100-e304-3e8d-a959-a3e562ff8381>;10022.ttl;Chamber Orchestra of Europe;06/10/2009;SimilaritÃ© :1.0
<http://data.doremus.org/performance/79332ad1-10e5-3d83-9da3-f34a0e5bc935>;0241078.ttl;Chamber orchestra of Europe;14/06/1997;
;;;;
<http://data.doremus.org/performance/dbf9219c-f741-35d1-b593-a9849395607d>;10961.ttl;Chamber Orchestra of Europe - Bernard Haitink;18/01/2011;SimilaritÃ© :1.0
<http://data.doremus.org/performance/aa487f98-a1a4-372c-99c2-5656fbf55bd1>;0955976.ttl;Chamber Orchestra of Europe. Bernard Haitink;19/01/2011;
;;;;
<http://data.doremus.org/performance/809032ff-89c3-3fc1-a34c-2727c01d8b5a>;6472.ttl;Orchestre Philharmonique de Radio France;04/12/2009;SimilaritÃ© :1.0
<http://data.doremus.org/performance/15198688-34bd-373e-b4e0-7a359bba4e9b>;0956005.ttl;Orchestre Philharmonique de Radio France;07/01/2011;
;;;;
<http://data.doremus.org/performance/c602ab80-c794-3a7b-896b-2692cee71e38>;6528.ttl;Orchestre Philharmonique de Radio France;21/05/2010;SimilaritÃ© :1.0
<http://data.doremus.org/performance/15198688-34bd-373e-b4e0-7a359bba4e9b>;0956005.ttl;Orchestre Philharmonique de Radio France;07/01/2011;
;;;;
<http://data.doremus.org/performance/564c0e75-3d2c-395a-89bc-c52c35b45923>;6478.ttl;Orchestre Philharmonique de Radio France;11/12/2009;SimilaritÃ© :1.0
<http://data.doremus.org/performance/15198688-34bd-373e-b4e0-7a359bba4e9b>;0956005.ttl;Orchestre Philharmonique de Radio France;07/01/2011;
;;;;
<http://data.doremus.org/performance/93bd4ecf-1a3c-3684-8edb-569c40ad5c9b>;5465.ttl;Ensemble intercontemporain;28/04/2009;SimilaritÃ© :1.0
<http://data.doremus.org/performance/ac5b81bb-f334-369b-a966-4c60aba3f347>;0240344.ttl;Ensemble intercontemporain;22/12/1996;
;;;;
<http://data.doremus.org/performance/93bd4ecf-1a3c-3684-8edb-569c40ad5c9b>;5465.ttl;Ensemble intercontemporain;28/04/2009;SimilaritÃ© :1.0
<http://data.doremus.org/performance/c51b7528-4f37-367e-8f9d-5b8a3a7bd7b1>;0241449.ttl;Ensemble intercontemporain;20/11/1996;
;;;;
<http://data.doremus.org/performance/5c5afc14-88da-3d76-b8a9-33fbb34c3bb0>;10902.ttl;Maurizio Pollini;07/12/2010;SimilaritÃ© :1.0
<http://data.doremus.org/performance/21a2603d-10a5-3ed8-86b9-09fdbe6d0955>;0947333.ttl;Maurizio Pollini;25/06/2002;
;;;;
<http://data.doremus.org/performance/5800d8fb-1fa8-3cf7-89bf-fd9335982c7b>;6551.ttl;London Symphony Orchestra;16/03/2010;SimilaritÃ© :1.0
<http://data.doremus.org/performance/3d25a05c-b9be-3da5-b6bf-72db19b529e9>;0960360.ttl;London Symphony Orchestra;28/03/2011;
;;;;
<http://data.doremus.org/performance/13773214-994b-3154-a01d-e9b08c51c2f8>;5410.ttl;Chamber Orchestra of Europe;19/12/2008;SimilaritÃ© :1.0
<http://data.doremus.org/performance/eae12303-fb63-3a1a-bf55-6d9cc8aed1de>;0240336.ttl;Chamber orchestra of Europe;13/04/1997;
;;;;
<http://data.doremus.org/performance/13773214-994b-3154-a01d-e9b08c51c2f8>;5410.ttl;Chamber Orchestra of Europe;19/12/2008;SimilaritÃ© :1.0
<http://data.doremus.org/performance/d9ea7639-de11-3fbd-a5e0-0487595c5cff>;0241240.ttl;Chamber orchestra of Europe;29/04/1998;
;;;;
<http://data.doremus.org/performance/13773214-994b-3154-a01d-e9b08c51c2f8>;5410.ttl;Chamber Orchestra of Europe;19/12/2008;SimilaritÃ© :1.0
<http://data.doremus.org/performance/79332ad1-10e5-3d83-9da3-f34a0e5bc935>;0241078.ttl;Chamber orchestra of Europe;14/06/1997;
;;;;
<http://data.doremus.org/performance/13773214-994b-3154-a01d-e9b08c51c2f8>;5410.ttl;Chamber Orchestra of Europe;18/12/2008;SimilaritÃ© :1.0
<http://data.doremus.org/performance/eae12303-fb63-3a1a-bf55-6d9cc8aed1de>;0240336.ttl;Chamber orchestra of Europe;13/04/1997;
;;;;
<http://data.doremus.org/performance/13773214-994b-3154-a01d-e9b08c51c2f8>;5410.ttl;Chamber Orchestra of Europe;18/12/2008;SimilaritÃ© :1.0
<http://data.doremus.org/performance/d9ea7639-de11-3fbd-a5e0-0487595c5cff>;0241240.ttl;Chamber orchestra of Europe;29/04/1998;
;;;;
<http://data.doremus.org/performance/13773214-994b-3154-a01d-e9b08c51c2f8>;5410.ttl;Chamber Orchestra of Europe;18/12/2008;SimilaritÃ© :1.0
<http://data.doremus.org/performance/79332ad1-10e5-3d83-9da3-f34a0e5bc935>;0241078.ttl;Chamber orchestra of Europe;14/06/1997;
;;;;
<http://data.doremus.org/performance/dc7887e9-a3ec-36da-8fdc-c7b4de4f3062>;6428.ttl;London Symphony Orchestra;26/09/2009;SimilaritÃ© :1.0
<http://data.doremus.org/performance/3d25a05c-b9be-3da5-b6bf-72db19b529e9>;0960360.ttl;London Symphony Orchestra;28/03/2011;
;;;;
<http://data.doremus.org/performance/40cb1568-3059-312d-a429-8c73f1f50390>;10708.ttl;Orchestre de Paris - Paavo JÃ¤rvi - Soile Isokoski - Juha Uusitalo;16/09/2010;SimilaritÃ© :1.0
<http://data.doremus.org/performance/c2c5fa46-147a-3bd1-b81a-8a070686b0c6>;0949048.ttl;Orchestre de Paris, Paavo JÃ¤rvi, Soile Isokoski, Juha Uusitalo;15/09/2010;
;;;;
<http://data.doremus.org/performance/d420a415-1a4e-3fcf-9266-f1c674281f1a>;11091.ttl;Orchestre du ThÃ©Ã¢tre Mariinsky - Valery Gergiev;13/12/2010;SimilaritÃ© :1.0
<http://data.doremus.org/performance/de3300f6-e5f2-3371-812c-ed56de326b1d>;1014019.ttl;Orchestre du ThÃ©Ã¢tre Mariinsky, Valery Gergiev;17/02/2014;
;;;;
<http://data.doremus.org/performance/d52bc7a2-286c-30be-8e3e-758b41d1986c>;11538.ttl;Les Dissonances / David Grimal;18/03/2012;SimilaritÃ© :1.0
<http://data.doremus.org/performance/7966c253-0cd2-39a7-bd27-21a34e5a75fa>;1062228.ttl;Les Dissonances, David Grimal;30/01/2017;
;;;;
<http://data.doremus.org/performance/d52bc7a2-286c-30be-8e3e-758b41d1986c>;11538.ttl;Les Dissonances / David Grimal;18/03/2012;SimilaritÃ© :1.0
<http://data.doremus.org/performance/4280cb11-94bb-3fd2-827c-4adcff8d8fd7>;1023315.ttl;Les Dissonances, David Grimal;21/10/2014;
;;;;
<http://data.doremus.org/performance/d52bc7a2-286c-30be-8e3e-758b41d1986c>;11538.ttl;Les Dissonances / David Grimal;18/03/2012;SimilaritÃ© :1.0
<http://data.doremus.org/performance/850618f8-2702-33f6-a43a-5c85c4c29c65>;1033088.ttl;Les Dissonances. David Grimal;01/04/2015;
;;;;
<http://data.doremus.org/performance/d52bc7a2-286c-30be-8e3e-758b41d1986c>;11538.ttl;Les Dissonances / David Grimal;18/03/2012;SimilaritÃ© :1.0
<http://data.doremus.org/performance/1386ad04-a768-3b93-af13-980357c76121>;1040876.ttl;Les Dissonances : David Grimal;06/10/2015;
;;;;
<http://data.doremus.org/performance/d52bc7a2-286c-30be-8e3e-758b41d1986c>;11538.ttl;Les Dissonances / David Grimal;18/03/2012;SimilaritÃ© :1.0
<http://data.doremus.org/performance/8ae7da6a-8728-39ac-bf83-13e2157c200c>;1030927.ttl;Les Dissonances, David Grimal;09/02/2015;
;;;;
<http://data.doremus.org/performance/1b23662b-ee55-3fa8-8c06-ea4ee6b34168>;11887.ttl;Orchestre de Paris - Paavo JÃ¤rvi;17/09/2011;SimilaritÃ© :1.0
<http://data.doremus.org/performance/6b210a19-1224-3f20-9d28-3c6d7a1fa825>;0987827.ttl;Orchestre de Paris, Paavo JÃ¤rvi;23/05/2012;
;;;;
<http://data.doremus.org/performance/44aa8a56-7c1e-3f5c-a0a4-7c2160ad1833>;13285.ttl;Orchestre de Paris - Paavo JÃ¤rvi - Yefim Bronfman ;24/10/2013;SimilaritÃ© :1.0
<http://data.doremus.org/performance/f5cbf3b9-4442-34c3-a5fa-74515df1ba19>;1010184.ttl;Orchestre de Paris, Paavo JÃ¤rvi, Yefim Bronfman;23/10/2013;
;;;;
<http://data.doremus.org/performance/a1b81435-3bfc-30b1-95c1-77b5da31c450>;12509.ttl;Orchestre de Paris - Paavo JÃ¤rvi - Jorge Luis Prats;28/03/2013;SimilaritÃ© :1.0
<http://data.doremus.org/performance/cc593604-1a4b-30cc-a389-98a9a9d8277c>;1000232.ttl;Orchestre de Paris, Paavo JÃ¤rvi, Jorge Luis Prats;27/03/2013;
;;;;
<http://data.doremus.org/performance/8248b275-21e8-3ccc-995f-d238db4adf52>;12073.ttl;Echo et Narcisse;09/03/2012;SimilaritÃ© :1.0
<http://data.doremus.org/performance/add7379f-4184-3031-b688-1b9cd408c954>;1070512.ttl;Echo et Narcisse;12/03/2012;
;;;;
<http://data.doremus.org/performance/c7b66be4-373e-30af-b69b-1f4f2c45cf43>;12419.ttl;Orchestre de Paris - Yutaka Sado - Boris Berezovsky;06/06/2013;SimilaritÃ© :1.0
<http://data.doremus.org/performance/1a4221d2-8f23-3ba5-95e7-37a102d8fbd9>;1003224.ttl;Orchestre de Paris, Yutaka Sado, Boris Berezovsky;05/06/2013;
;;;;
<http://data.doremus.org/performance/b80a87bb-a27f-3ae0-8405-2a5a99c92422>;11530.ttl;Les Dissonances / David Grimal;24/02/2012;SimilaritÃ© :1.0
<http://data.doremus.org/performance/7966c253-0cd2-39a7-bd27-21a34e5a75fa>;1062228.ttl;Les Dissonances, David Grimal;30/01/2017;
;;;;
<http://data.doremus.org/performance/b80a87bb-a27f-3ae0-8405-2a5a99c92422>;11530.ttl;Les Dissonances / David Grimal;24/02/2012;SimilaritÃ© :1.0
<http://data.doremus.org/performance/4280cb11-94bb-3fd2-827c-4adcff8d8fd7>;1023315.ttl;Les Dissonances, David Grimal;21/10/2014;
;;;;
<http://data.doremus.org/performance/b80a87bb-a27f-3ae0-8405-2a5a99c92422>;11530.ttl;Les Dissonances / David Grimal;24/02/2012;SimilaritÃ© :1.0
<http://data.doremus.org/performance/850618f8-2702-33f6-a43a-5c85c4c29c65>;1033088.ttl;Les Dissonances. David Grimal;01/04/2015;
;;;;
<http://data.doremus.org/performance/b80a87bb-a27f-3ae0-8405-2a5a99c92422>;11530.ttl;Les Dissonances / David Grimal;24/02/2012;SimilaritÃ© :1.0
<http://data.doremus.org/performance/1386ad04-a768-3b93-af13-980357c76121>;1040876.ttl;Les Dissonances : David Grimal;06/10/2015;
;;;;
<http://data.doremus.org/performance/b80a87bb-a27f-3ae0-8405-2a5a99c92422>;11530.ttl;Les Dissonances / David Grimal;24/02/2012;SimilaritÃ© :1.0
<http://data.doremus.org/performance/8ae7da6a-8728-39ac-bf83-13e2157c200c>;1030927.ttl;Les Dissonances, David Grimal;09/02/2015;
;;;;
<http://data.doremus.org/performance/11759c60-45d7-3538-8fbe-fe5aadb82c87>;12034.ttl;Ã‰cho et Narcisse;10/03/2012;SimilaritÃ© :1.0
<http://data.doremus.org/performance/add7379f-4184-3031-b688-1b9cd408c954>;1070512.ttl;Echo et Narcisse;12/03/2012;
;;;;
<http://data.doremus.org/performance/d6dadfe8-9102-3c02-a39b-b323382d4c4b>;12616.ttl;Les Dissonances - David Grimal;23/05/2013;SimilaritÃ© :1.0
<http://data.doremus.org/performance/7966c253-0cd2-39a7-bd27-21a34e5a75fa>;1062228.ttl;Les Dissonances, David Grimal;30/01/2017;
;;;;
<http://data.doremus.org/performance/d6dadfe8-9102-3c02-a39b-b323382d4c4b>;12616.ttl;Les Dissonances - David Grimal;23/05/2013;SimilaritÃ© :1.0
<http://data.doremus.org/performance/4280cb11-94bb-3fd2-827c-4adcff8d8fd7>;1023315.ttl;Les Dissonances, David Grimal;21/10/2014;
;;;;
<http://data.doremus.org/performance/d6dadfe8-9102-3c02-a39b-b323382d4c4b>;12616.ttl;Les Dissonances - David Grimal;23/05/2013;SimilaritÃ© :1.0
<http://data.doremus.org/performance/850618f8-2702-33f6-a43a-5c85c4c29c65>;1033088.ttl;Les Dissonances. David Grimal;01/04/2015;
;;;;
<http://data.doremus.org/performance/d6dadfe8-9102-3c02-a39b-b323382d4c4b>;12616.ttl;Les Dissonances - David Grimal;23/05/2013;SimilaritÃ© :1.0
<http://data.doremus.org/performance/1386ad04-a768-3b93-af13-980357c76121>;1040876.ttl;Les Dissonances : David Grimal;06/10/2015;
;;;;
<http://data.doremus.org/performance/d6dadfe8-9102-3c02-a39b-b323382d4c4b>;12616.ttl;Les Dissonances - David Grimal;23/05/2013;SimilaritÃ© :1.0
<http://data.doremus.org/performance/8ae7da6a-8728-39ac-bf83-13e2157c200c>;1030927.ttl;Les Dissonances, David Grimal;09/02/2015;
;;;;
<http://data.doremus.org/performance/bde58739-1fc2-3e0c-8dc9-8d81b96b1063>;12313.ttl;Chamber Orchestra of Europe;14/05/2013;SimilaritÃ© :1.0
<http://data.doremus.org/performance/eae12303-fb63-3a1a-bf55-6d9cc8aed1de>;0240336.ttl;Chamber orchestra of Europe;13/04/1997;
;;;;
<http://data.doremus.org/performance/bde58739-1fc2-3e0c-8dc9-8d81b96b1063>;12313.ttl;Chamber Orchestra of Europe;14/05/2013;SimilaritÃ© :1.0
<http://data.doremus.org/performance/d9ea7639-de11-3fbd-a5e0-0487595c5cff>;0241240.ttl;Chamber orchestra of Europe;29/04/1998;
;;;;
<http://data.doremus.org/performance/bde58739-1fc2-3e0c-8dc9-8d81b96b1063>;12313.ttl;Chamber Orchestra of Europe;14/05/2013;SimilaritÃ© :1.0
<http://data.doremus.org/performance/79332ad1-10e5-3d83-9da3-f34a0e5bc935>;0241078.ttl;Chamber orchestra of Europe;14/06/1997;
;;;;
<http://data.doremus.org/performance/e497fe65-64f4-3c7a-81ae-132a3c5545d2>;13131.ttl;Chamber Orchestra of Europe;30/10/2013;SimilaritÃ© :1.0
<http://data.doremus.org/performance/eae12303-fb63-3a1a-bf55-6d9cc8aed1de>;0240336.ttl;Chamber orchestra of Europe;13/04/1997;
;;;;
<http://data.doremus.org/performance/e497fe65-64f4-3c7a-81ae-132a3c5545d2>;13131.ttl;Chamber Orchestra of Europe;30/10/2013;SimilaritÃ© :1.0
<http://data.doremus.org/performance/d9ea7639-de11-3fbd-a5e0-0487595c5cff>;0241240.ttl;Chamber orchestra of Europe;29/04/1998;
;;;;
<http://data.doremus.org/performance/e497fe65-64f4-3c7a-81ae-132a3c5545d2>;13131.ttl;Chamber Orchestra of Europe;30/10/2013;SimilaritÃ© :1.0
<http://data.doremus.org/performance/79332ad1-10e5-3d83-9da3-f34a0e5bc935>;0241078.ttl;Chamber orchestra of Europe;14/06/1997;
;;;;
<http://data.doremus.org/performance/eb358832-becf-3a7c-b51c-23c2a61cab27>;12688.ttl;Orchestre Philharmonique de Radio France;01/06/2013;SimilaritÃ© :1.0
<http://data.doremus.org/performance/15198688-34bd-373e-b4e0-7a359bba4e9b>;0956005.ttl;Orchestre Philharmonique de Radio France;07/01/2011;
;;;;
<http://data.doremus.org/performance/08a6903f-9e39-3170-b312-ef89c5b11917>;11586.ttl;Orchestre Philharmonique de Radio France - Myung-Whun Chung;07/10/2011;SimilaritÃ© :1.0
<http://data.doremus.org/performance/7728c0a1-7562-36da-b399-f7b2ddbea81a>;0983800.ttl;Orchestre Philharmonique de Radio France, Myung-Whun Chung;16/03/2012;
;;;;
<http://data.doremus.org/performance/08a6903f-9e39-3170-b312-ef89c5b11917>;11586.ttl;Orchestre Philharmonique de Radio France - Myung-Whun Chung;07/10/2011;SimilaritÃ© :1.0
<http://data.doremus.org/performance/0b5a2ca0-74ca-37a9-b2d4-cb6509de81c9>;1016854.ttl;Orchestre Philharmonique de Radio France, Myung-Whun Chung;11/04/2014;
;;;;
<http://data.doremus.org/performance/b23819bf-4beb-3a90-ab87-b60dac5d8bcc>;11701.ttl;Orchestre Philharmonique de Radio France - Gustavo Dudamel;13/04/2012;SimilaritÃ© :1.0
<http://data.doremus.org/performance/6b5552ee-7ee7-3189-af0c-badec18734c7>;0985774.ttl;Orchestre Philharmonique de Radio France, Gustavo Dudamel;20/04/2012;
;;;;
<http://data.doremus.org/performance/89a43ddb-7ec8-3df8-b792-25c805185d25>;11464.ttl;Ensemble intercontemporain / Matthias Pintscher;15/12/2011;SimilaritÃ© :1.0
<http://data.doremus.org/performance/1d0a435f-0640-3f88-88e2-76c63dd79fa4>;1023309.ttl;Ensemble intercontemporain, Matthias Pintscher;17/10/2014;
;;;;
<http://data.doremus.org/performance/34c17d60-4ad0-3a17-9a29-7f37d5fbd7f4>;11888.ttl;Orchestre de Paris - Paavo JÃ¤rvi;17/09/2011;SimilaritÃ© :1.0
<http://data.doremus.org/performance/6b210a19-1224-3f20-9d28-3c6d7a1fa825>;0987827.ttl;Orchestre de Paris, Paavo JÃ¤rvi;23/05/2012;
;;;;
<http://data.doremus.org/performance/e8dfb23f-5268-3b97-9a48-35ff81694fe3>;11704.ttl;Orchestre Philharmonique de Radio France - Gustavo Dudamel;20/04/2012;SimilaritÃ© :1.0
<http://data.doremus.org/performance/053160de-d772-3947-8384-896d3e092b6b>;0985772.ttl;Orchestre Philharmonique de Radio France, Gustavo Dudamel;13/04/2012;
;;;;
<http://data.doremus.org/performance/f6cddcfb-92d9-32c8-ab24-a3511de0a233>;11594.ttl;Orchestre de Paris - Paavo JÃ¤rvi - Jorge Luis Prats;19/10/2011;SimilaritÃ© :1.0
<http://data.doremus.org/performance/cc593604-1a4b-30cc-a389-98a9a9d8277c>;1000232.ttl;Orchestre de Paris, Paavo JÃ¤rvi, Jorge Luis Prats;27/03/2013;
;;;;
<http://data.doremus.org/performance/f6cddcfb-92d9-32c8-ab24-a3511de0a233>;11594.ttl;Orchestre de Paris - Paavo JÃ¤rvi - Jorge Luis Prats;20/10/2011;SimilaritÃ© :1.0
<http://data.doremus.org/performance/cc593604-1a4b-30cc-a389-98a9a9d8277c>;1000232.ttl;Orchestre de Paris, Paavo JÃ¤rvi, Jorge Luis Prats;27/03/2013;
;;;;
<http://data.doremus.org/performance/e7e3418f-2ec3-35c9-a41d-d0cd1173fc59>;11915.ttl;Orchestre Philharmonique de Radio France - Myung-Whun Chung;28/01/2012;SimilaritÃ© :1.0
<http://data.doremus.org/performance/7728c0a1-7562-36da-b399-f7b2ddbea81a>;0983800.ttl;Orchestre Philharmonique de Radio France, Myung-Whun Chung;16/03/2012;
;;;;
<http://data.doremus.org/performance/e7e3418f-2ec3-35c9-a41d-d0cd1173fc59>;11915.ttl;Orchestre Philharmonique de Radio France - Myung-Whun Chung;28/01/2012;SimilaritÃ© :1.0
<http://data.doremus.org/performance/0b5a2ca0-74ca-37a9-b2d4-cb6509de81c9>;1016854.ttl;Orchestre Philharmonique de Radio France, Myung-Whun Chung;11/04/2014;
;;;;
<http://data.doremus.org/performance/58f0cc2d-7acd-3ac5-96cd-1342e2a8614e>;11923.ttl;Orchestre de Paris - Paavo JÃ¤rvi - Vadim Repin;28/06/2012;SimilaritÃ© :1.0
<http://data.doremus.org/performance/1eda96be-f3d1-3faf-a10a-b9e657ef4980>;0950803.ttl;Orchestre de Paris, Paavo JÃ¤rvi, Vadim Repin;13/10/2010;
;;;;
<http://data.doremus.org/performance/58f0cc2d-7acd-3ac5-96cd-1342e2a8614e>;11923.ttl;Orchestre de Paris - Paavo JÃ¤rvi - Vadim Repin;27/06/2012;SimilaritÃ© :1.0
<http://data.doremus.org/performance/1eda96be-f3d1-3faf-a10a-b9e657ef4980>;0950803.ttl;Orchestre de Paris, Paavo JÃ¤rvi, Vadim Repin;13/10/2010;
;;;;
<http://data.doremus.org/performance/a8d50e2e-1dd8-3e23-99cd-28701066dfa4>;11545.ttl;Les Arts Florissants/ William Christie;06/04/2012;SimilaritÃ© :1.0
<http://data.doremus.org/performance/b9c8c77f-4b81-3057-8772-8572846e8f2a>;1029285.ttl;Les Arts Florissants, William Christie;16/01/2015;
;;;;
<http://data.doremus.org/performance/23954dab-b015-315c-99a6-78027ce3d5fa>;11687.ttl;Orchestre Philharmonique de Radio France - Myung-Whun Chung;16/03/2012;SimilaritÃ© :1.0
<http://data.doremus.org/performance/0b5a2ca0-74ca-37a9-b2d4-cb6509de81c9>;1016854.ttl;Orchestre Philharmonique de Radio France, Myung-Whun Chung;11/04/2014;
;;;;
<http://data.doremus.org/performance/54467581-34a5-3f3a-95b5-3eb79428e16d>;11659.ttl;Orchestre de Paris - Andris Nelsons - Sergey Khachatryan;19/01/2012;SimilaritÃ© :1.0
<http://data.doremus.org/performance/29a678f1-934b-3760-8291-7ac66e1b26f4>;0980051.ttl;Orchestre de Paris, Andris Nelsons, Sergey Khachatryan;18/01/2012;
;;;;
<http://data.doremus.org/performance/150a5f02-2942-348f-9ee9-048563d59827>;13268.ttl;Christophe;05/10/2013;SimilaritÃ© :1.0
<http://data.doremus.org/performance/ea5a3988-0a53-3c73-afcb-e02fa498d833>;0936151.ttl;Christophe;16/03/2010;
;;;;
<http://data.doremus.org/performance/4238ed56-1c67-3845-84b4-80d5bd9940f7>;13124.ttl;Ensemble intercontemporain - Matthias Pintscher;27/09/2013;SimilaritÃ© :1.0
<http://data.doremus.org/performance/1d0a435f-0640-3f88-88e2-76c63dd79fa4>;1023309.ttl;Ensemble intercontemporain, Matthias Pintscher;17/10/2014;
;;;;
<http://data.doremus.org/performance/07a43481-955b-3827-b271-6a00360577e3>;11711.ttl;Orchestre de Paris - Paavo JÃ¤rvi  ;24/05/2012;SimilaritÃ© :1.0
<http://data.doremus.org/performance/6b210a19-1224-3f20-9d28-3c6d7a1fa825>;0987827.ttl;Orchestre de Paris, Paavo JÃ¤rvi;23/05/2012;
;;;;
<http://data.doremus.org/performance/515c7994-2d47-3908-ae87-d9d5b170afc9>;13216.ttl;Orchestre de Paris - Paavo JÃ¤rvi - Janine Jansen;11/09/2013;SimilaritÃ© :1.0
<http://data.doremus.org/performance/7376159c-ce00-342e-afe3-a10bb0b5d176>;1030037.ttl;Orchestre de Paris, Paavo JÃ¤rvi, Janine Jansen;22/01/2015;
;;;;
<http://data.doremus.org/performance/515c7994-2d47-3908-ae87-d9d5b170afc9>;13216.ttl;Orchestre de Paris - Paavo JÃ¤rvi - Janine Jansen;12/09/2013;SimilaritÃ© :1.0
<http://data.doremus.org/performance/7376159c-ce00-342e-afe3-a10bb0b5d176>;1030037.ttl;Orchestre de Paris, Paavo JÃ¤rvi, Janine Jansen;22/01/2015;
;;;;
<http://data.doremus.org/performance/15d39365-44c2-351a-9499-17ee93814d47>;11926.ttl;AaRON;14/01/2012;SimilaritÃ© :1.0
<http://data.doremus.org/performance/c6ed239a-e6fe-3b1d-80a5-55bafb725c8f>;0980795.ttl;AaRON;15/01/2012;
;;;;
<http://data.doremus.org/performance/6112b459-a810-344e-807c-3dd0ce6a255d>;11685.ttl;Orchestre Philharmonique de Radio France - Myung-Whun Chung - Evgeny Kissin;09/03/2012;SimilaritÃ© :1.0
<http://data.doremus.org/performance/3cf0a7e7-20a2-37de-9ddc-b9f864edf0d3>;1021141.ttl;Orchestre Philharmonique de Radio France, Myung-Whun Chung, Evgeny Kissin;19/09/2014;
