<http://data.doremus.org/performance/7981fd0d-8267-32f7-bea8-9e06b387271a>;14058.ttl;Concert d'ouverture du ChÅ“ur de l'Orchestre de Paris;17/01/2015;SimilaritÃ© :0.6519999999999999
<http://data.doremus.org/performance/e450d47e-6d9c-3078-a00a-ca8e035d9724>;1029397.ttl;Week-end Portes ouvertes. Concert d'ouverture du Choeur de l'Orchestre de Paris;17/01/2015;
;;;;
<http://data.doremus.org/performance/7e969173-20e5-3af0-bd94-f1a658c5020f>;17526.ttl;"\""Tribute to Fela\"" feat. Seun Kuti & Egypt 80, Talib Kweli, Ibeyi, Tony Allen, Cheick Tidiane Seck..";08/09/2016;SimilaritÃ© :0.8325
<http://data.doremus.org/performance/4d6106e9-bfa8-3508-98f9-becc4d7a633f>;1056261.ttl;"Jazz Ã  la Villette : \""Tribute to Fela\"" feat. Seun Kuti & Egypt 80, Talib Kweli, Ibeyi, Tony Allen, Cheick Tidiane Seck";08/09/2016;
;;;;
<http://data.doremus.org/performance/18474840-a76f-35d0-bcd1-ed45f7d09ba6>;13169.ttl;Les Dissonances - David Grimal ;01/03/2014;SimilaritÃ© :0.6990000000000001
<http://data.doremus.org/performance/febc426a-438a-3368-9830-c1a42d1cf04b>;1018849.ttl;Mozart enfant. Les Dissonances, David Grimal;01/03/2014;
;;;;
<http://data.doremus.org/performance/18474840-a76f-35d0-bcd1-ed45f7d09ba6>;13169.ttl;Les Dissonances - David Grimal ;01/03/2014;SimilaritÃ© :0.6990000000000001
<http://data.doremus.org/performance/27737cbc-c8f2-34da-87b3-20ce7c93e0bf>;1018848.ttl;Mozart enfant. Les Dissonances, David Grimal;01/03/2014;
;;;;
<http://data.doremus.org/performance/2b5da5db-0f78-30c7-938b-df8a1f39c8b7>;16538.ttl;Orchestre de Paris;16/09/2016;SimilaritÃ© :0.7215
<http://data.doremus.org/performance/a033d0c8-e35b-39cc-957d-9d39e00bc5e1>;1056843.ttl;Orchestre de Paris / Daniel Harding;16/09/2016;
;;;;
<http://data.doremus.org/performance/b38f1b6b-6d5e-3152-b247-eb54d6f9ae23>;17533.ttl;Erik Truffaz Quartet feat. Rokia TraorÃ© / GoGo Penguin;07/09/2016;SimilaritÃ© :0.6085
<http://data.doremus.org/performance/74002bb6-c882-3c7f-a580-5d97e13999f3>;1056435.ttl;Jazz Ã  la Villette : Erik Truffaz Quartet feat. Rokia TraorÃ©;07/09/2016;
;;;;
<http://data.doremus.org/performance/ccceff89-8f85-3ad5-af3b-9fbf86ce4a7c>;13316.ttl;Orchestre du ThÃ©Ã¢tre Mariinsky - Valery Gergiev - Daniil Trifonov ;01/12/2013;SimilaritÃ© :0.882
<http://data.doremus.org/performance/4122d11f-104a-344b-9651-daee1f0be5ee>;1011723.ttl;Orchestre du ThÃ©Ã¢tre Mariinsky, Valery Gergiev, Daniil Trifonov, Timur Martynov;01/12/2013;
;;;;
<http://data.doremus.org/performance/688e63e7-c320-3f1d-92b4-faf3b64adf7f>;13494.ttl;Orchestre Philharmonique de Radio France / Quatuor Arditti;21/01/2014;SimilaritÃ© :0.7025
<http://data.doremus.org/performance/bd992ca5-e8a9-3d34-83e2-4324d74037ef>;1012680.ttl;6e biennale quatuors Ã  cordes. Orchestre Philharmonique de Radio France, Quatuor Arditti;21/01/2014;
;;;;
<http://data.doremus.org/performance/8723067f-d805-3621-a60a-cf7655780ed6>;16921.ttl;Ernest Ranglin & friends feat. Cheikh LÃ´, Tony Allen, Courtney Pine, Ira Coleman & Alex Wilson;31/08/2016;SimilaritÃ© :0.8335
<http://data.doremus.org/performance/6e93157c-63d9-3a07-9e2d-818ea2d10ebc>;1056237.ttl;Jazz Ã  la Villette : Ernest Ranglin & friends feat. Cheikh LÃ´, Tony Allen, Courtney Pine, Ira Coleman & Alex Wilson;31/08/2016;
;;;;
<http://data.doremus.org/performance/4855de93-f775-3452-8300-4e051f31d26f>;16536.ttl;Staatskapelle Berlin / Daniel Barenboim;09/09/2016;SimilaritÃ© :0.8285
<http://data.doremus.org/performance/7df7e310-e120-3657-b423-0e0f01afc3cd>;1056445.ttl;Staatskapelle Berlin, Daniel Barenboim : Mozart et Bruckner;09/09/2016;
;;;;
<http://data.doremus.org/performance/fde0135f-0df2-3c00-bd21-fc1b6b64ce52>;16839.ttl;Martha & Friends;17/10/2016;SimilaritÃ© :0.8665
<http://data.doremus.org/performance/1e859655-3d35-3c31-9fb6-53ae21ddc1fe>;1057597.ttl;Martha and Friends;17/10/2016;
;;;;
<http://data.doremus.org/performance/196a0f5a-b99a-3107-ba2a-878a4cd18502>;14564.ttl;"Robin McKelle & The Flytones \""Stax Soul Session\""";07/09/2014;SimilaritÃ© :0.7775000000000001
<http://data.doremus.org/performance/4861b687-7eff-3430-84f4-32d6fb05a8fc>;1021884.ttl;"Jazz Ã  la Villette. Robin McKelle & The Flytones \""Stax Soul Session\""";07/09/2014;
;;;;
<http://data.doremus.org/performance/febb15e9-dd0e-357c-bcc9-5f60edff95c3>;13367.ttl;Orchestre du ThÃ©Ã¢tre Mariinsky - Valery Gergiev;16/02/2014;SimilaritÃ© :0.8775
<http://data.doremus.org/performance/9142e944-4cfb-3a01-8bda-fcbefa175106>;1014017.ttl;Orchestre du ThÃ©Ã¢tre Mariinsky, Valery Gergiev, Alena Baeva;16/02/2014;
;;;;
<http://data.doremus.org/performance/33762e46-2ed3-3ac0-b316-3d976b7590a4>;14026.ttl;La Chambre Philharmonique - Emmanuel Krivine - Steven Isserlis;16/12/2014;SimilaritÃ© :0.793
<http://data.doremus.org/performance/128665ae-5f02-3558-8acb-2cfd207202aa>;1028627.ttl;Guerre et Paix III. La Chambre Philharmonique, Emmanuel Krivine, Steven Isserlis;16/12/2014;
;;;;
<http://data.doremus.org/performance/8862bd0c-1419-30b2-b602-f6b7f12d178b>;13238.ttl;Univers parallÃ¨les;18/06/2014;SimilaritÃ© :0.6685
<http://data.doremus.org/performance/8c79a52a-1740-3c6e-8371-21e160e3ba9f>;1019811.ttl;Visions du monde. Univers parallÃ¨les;18/06/2014;
;;;;
<http://data.doremus.org/performance/37424d83-3b4e-31e1-9e3f-3b06cc59df6d>;15128.ttl;Les Dissonances;06/10/2015;SimilaritÃ© :0.7005
<http://data.doremus.org/performance/1386ad04-a768-3b93-af13-980357c76121>;1040876.ttl;Les Dissonances : David Grimal;06/10/2015;
;;;;
<http://data.doremus.org/performance/fcb203bf-096f-3195-bd62-fdac7e38f2ce>;13428.ttl;Orchestre de Paris - Daniel Harding ;07/05/2014;SimilaritÃ© :0.7655000000000001
<http://data.doremus.org/performance/e8a1012e-5e91-3f66-a68e-d4f17ebfa643>;1017724.ttl;Orchestre de Paris, Daniel Harding, Christianne Stotijn;07/05/2014;
;;;;
<http://data.doremus.org/performance/c1d0e749-ada6-3dbc-a383-4a2e9b380e7b>;17530.ttl;"Archie Shepp All Star \""Tribute to John Coltrane\"" feat. J. Moran, A. Akinmusire, B. Hart & R. Davis";03/09/2016;SimilaritÃ© :0.8305
<http://data.doremus.org/performance/ba070f98-9b16-3e4a-9ed4-16045e0ca14f>;1056253.ttl;"Jazz Ã  la Villette : Archie Shepp All Star \""Tribute to John Coltrane\"" feat. J. Moran, A. Akinmusire, B. Hart & R. Davis";03/09/2016;
;;;;
<http://data.doremus.org/performance/454dca92-1b5c-3aeb-84f6-d3d1d52f1e40>;16920.ttl;"\""Echoes with a Friend\"" with Geri Allen, Craig Taborn & The McCoy Tyner Trio";11/09/2016;SimilaritÃ© :0.8125
<http://data.doremus.org/performance/0153d332-74b1-38e2-a182-555b876baa27>;1056302.ttl;"Jazz Ã  la Villette : \""Echoes with a Friend\"" with Geri Allen, Craig Taborn & The McCoy Tyner Trio";11/09/2016;
;;;;
<http://data.doremus.org/performance/9c7dd91c-d441-38ba-863e-accc667a191c>;15248.ttl;Orchestre de Paris;09/03/2016;SimilaritÃ© :0.7215
<http://data.doremus.org/performance/ebfd6f5f-fedc-3671-bf6c-97253b459ff5>;1047252.ttl;Orchestre de Paris, Jaap van Zweden;09/03/2016;
;;;;
<http://data.doremus.org/performance/b889e278-9b28-34d1-8719-403e300941cb>;13564.ttl;Gavroche, le chantre des pavÃ©s;06/06/2014;SimilaritÃ© :0.6625
<http://data.doremus.org/performance/f8a41b1e-1915-3e96-9d04-fadf7a3c81bc>;1019813.ttl;Concert Ã©ducatif. Gavroche, le chantre des pavÃ©s;06/06/2014;
;;;;
<http://data.doremus.org/performance/bc641421-65fd-35e4-889f-f73d7bd2e21e>;15173.ttl;Orchestre de Paris;21/10/2015;SimilaritÃ© :0.69
<http://data.doremus.org/performance/e704839d-0dea-3008-9828-9dd8aab9ac1e>;1042894.ttl;Orchestre de Paris. Esa-Pekka Salonen;21/10/2015;
;;;;
<http://data.doremus.org/performance/0aa1ab62-73c6-3c8c-8e0d-a157bf1c516f>;14566.ttl;Joshua Redman & The Bad Plus;09/09/2014;SimilaritÃ© :0.6385000000000001
<http://data.doremus.org/performance/750d1152-1c68-30a4-b329-e6d874abc57c>;1021565.ttl;Jazz Ã  la Villette. Joshua Redman and the Bad Plus;09/09/2014;
;;;;
<http://data.doremus.org/performance/dcd1e50d-df1f-3963-a155-973c0d9d03c1>;13145.ttl;Dominique A;25/11/2013;SimilaritÃ© :0.7335
<http://data.doremus.org/performance/6f90b8c4-6520-31d7-bcaa-f22ea11f214a>;1011460.ttl;Dominique A, y revenir;25/11/2013;
;;;;
<http://data.doremus.org/performance/d48baca3-5bc6-3a73-bce8-72522eebb708>;16543.ttl;Orchestre de Paris;28/09/2016;SimilaritÃ© :0.7215
<http://data.doremus.org/performance/b0aea66d-0cc2-302e-9105-312f919f2e78>;1061651.ttl;Orchestre de Paris, Daniel Harding;28/09/2016;
;;;;
<http://data.doremus.org/performance/cb1c2b80-25d5-31b0-8377-bfbcfb65ddbc>;14563.ttl;"Stephane Belmondo \""Blowin' The Blues Away\""";07/09/2014;SimilaritÃ© :0.764
<http://data.doremus.org/performance/22251a1b-56fe-3530-9139-b38368d8aa6d>;1021105.ttl;"Jazz Ã  la Villette. Stephane Belmondo \""Blowin' The Blues Away\""";07/09/2014;
;;;;
<http://data.doremus.org/performance/9706a237-6448-3d57-92c5-481d5b79c193>;13354.ttl;Orchestre de Paris - Paavo JÃ¤rvi - Menahem Pressler;29/01/2014;SimilaritÃ© :0.7
<http://data.doremus.org/performance/d760b280-70bf-3e23-ac3f-b0f4e2f0c304>;1013595.ttl;Orchestre de Paris, Paavo JÃ¤rvi, Menahem Pressler. Concert anniversaire 90 ans de Menahem Pressler;29/01/2014;
;;;;
<http://data.doremus.org/performance/b5f28745-4843-3663-8576-7bf541c8390c>;14559.ttl;"James Carter \""Giant Steps\"" / Omar Sosa \""Kind of Blue\""";06/09/2014;SimilaritÃ© :0.6905
<http://data.doremus.org/performance/572b99ab-c55a-3dc0-a58b-6cb872a3e475>;1021056.ttl;"Jazz Ã  la Villette. Omar Sosa \""Kind of Blue\""";06/09/2014;
;;;;
<http://data.doremus.org/performance/9372e574-e04a-3fc1-83cb-1487a2bab078>;13170.ttl;Les Dissonances - David Grimal;01/03/2014;SimilaritÃ© :0.6990000000000001
<http://data.doremus.org/performance/febc426a-438a-3368-9830-c1a42d1cf04b>;1018849.ttl;Mozart enfant. Les Dissonances, David Grimal;01/03/2014;
;;;;
<http://data.doremus.org/performance/9372e574-e04a-3fc1-83cb-1487a2bab078>;13170.ttl;Les Dissonances - David Grimal;01/03/2014;SimilaritÃ© :0.6990000000000001
<http://data.doremus.org/performance/27737cbc-c8f2-34da-87b3-20ce7c93e0bf>;1018848.ttl;Mozart enfant. Les Dissonances, David Grimal;01/03/2014;
;;;;
<http://data.doremus.org/performance/af373514-d931-3048-acc5-d6cb669aa75d>;13480.ttl;Le Ramayana balinais - L'EnlÃ¨vement de Sita;02/02/2014;SimilaritÃ© :0.77
<http://data.doremus.org/performance/cc867a47-43cb-33f7-b315-93f0bebc9ef2>;1013599.ttl;Wayang Wong, le Ramayana balinais : l'enlÃ¨vement de Sita;02/02/2014;
;;;;
<http://data.doremus.org/performance/af373514-d931-3048-acc5-d6cb669aa75d>;13480.ttl;Le Ramayana balinais - L'EnlÃ¨vement de Sita;02/02/2014;SimilaritÃ© :0.77
<http://data.doremus.org/performance/cc867a47-43cb-33f7-b315-93f0bebc9ef2>;1013599.ttl;Wayang Wong, le Ramayana balinais : l'enlÃ¨vement de Sita;02/02/2014;
;;;;
<http://data.doremus.org/performance/8287886a-fdf9-3c87-8413-416aeb1984e2>;16052.ttl;Chamber Orchestra of Europe;21/02/2016;SimilaritÃ© :0.7484999999999999
<http://data.doremus.org/performance/605343a4-c820-382b-a53c-c85e390ebde2>;1047126.ttl;Chamber Orchestra of Europe, Yannick NÃ©zet-SÃ©guin;21/02/2016;
;;;;
<http://data.doremus.org/performance/0548b06c-d873-3aa9-957f-16cc2877e3a4>;13149.ttl;Les Dissonances - David Grimal;19/12/2013;SimilaritÃ© :0.74
<http://data.doremus.org/performance/14d89603-6af2-3acc-a6dd-06661e2c4ab1>;1012118.ttl;La nature du son. Les Dissonances, David Grimal;19/12/2013;
;;;;
<http://data.doremus.org/performance/70e0269e-f28f-363a-88cb-a573e2fb315d>;15174.ttl;Inauguration de lâ€™orgue symphonique;28/10/2015;SimilaritÃ© :0.8045
<http://data.doremus.org/performance/3af88215-0c94-3c4c-a3d3-e86df59d9a9d>;1041860.ttl;Inauguration de l'orgue symphonique. Orchestre de Paris;28/10/2015;
;;;;
<http://data.doremus.org/performance/b5776e13-dc56-38a9-a20a-bc8da1cfb7e3>;14558.ttl;Avishai Cohen Trio avec Kurt Rosenwinkel;05/09/2014;SimilaritÃ© :0.7475
<http://data.doremus.org/performance/dbe3cd93-6d38-3242-a5c6-86c836b55385>;1021046.ttl;Jazz Ã  la Villette. Avishai Cohen Trio avec Kurt Rosenwinkel;05/09/2014;
;;;;
<http://data.doremus.org/performance/eb7bb4a0-9c99-3022-aa52-4b208e3d6cc7>;16594.ttl;Requiem de Mozart;25/11/2016;SimilaritÃ© :0.75
<http://data.doremus.org/performance/c8896586-97a4-3fc8-b2fb-29b06f28546b>;1058866.ttl;Requiem de Mozart, RenÃ© Jacobs;25/11/2016;
;;;;
<http://data.doremus.org/performance/f3ea6d2a-d023-35b7-95a8-4f8199a33867>;16658.ttl;Staatskapelle Berlin / Daniel Barenboim;07/01/2017;SimilaritÃ© :0.8885
<http://data.doremus.org/performance/0f084845-fbc7-3550-baba-f63611dabe5f>;1061041.ttl;Staatskapelle Berlin, Daniel Barenboim. Bruckner;07/01/2017;
;;;;
<http://data.doremus.org/performance/257a1260-d778-3eca-9916-84425cd1924d>;17803.ttl;"Archie Shepp \""Art songs & spirituals\""";12/09/2017;SimilaritÃ© :0.744
<http://data.doremus.org/performance/39b64fd6-fd32-3cab-a26a-fa2505d46bfe>;1069702.ttl;"Jazz Ã  la Villette : Archie Shepp \""Art songs & spirituals\""";12/09/2017;
;;;;
<http://data.doremus.org/performance/824454c6-0ce1-34b7-8c7f-6bfd6e193cbd>;18220.ttl;DÃ©mos;25/06/2017;SimilaritÃ© :0.76
<http://data.doremus.org/performance/9cd32e51-4e68-39d5-bb13-485956fa70b8>;1067689.ttl;DÃ©mos 2017;25/06/2017;
;;;;
<http://data.doremus.org/performance/3d30bc57-460d-3216-a14f-04d804162391>;18964.ttl;DÃ©mos;25/06/2017;SimilaritÃ© :0.76
<http://data.doremus.org/performance/9cd32e51-4e68-39d5-bb13-485956fa70b8>;1067689.ttl;DÃ©mos 2017;25/06/2017;
;;;;
<http://data.doremus.org/performance/e1690ff5-821e-3b62-946c-cd6eebd727ed>;17843.ttl;Jeanne Cherhal & Bachar Mar-KhalifÃ©;24/11/2017;SimilaritÃ© :0.769
<http://data.doremus.org/performance/6cb674ba-5ba4-3666-ba77-f8fabae27bf8>;1074291.ttl;Jeanne Cherhal et Bachar Mar-KhalifÃ©. ARBA - Autour de Barbara;24/11/2017;
;;;;
<http://data.doremus.org/performance/fb294ee4-b191-30a0-8be1-e4df874becdc>;16656.ttl;Staatskapelle Berlin / Daniel Barenboim;05/01/2017;SimilaritÃ© :0.8285
<http://data.doremus.org/performance/5fd90c4c-cc65-3003-a1ba-807505363f45>;1061035.ttl;Staatskapelle Berlin, Daniel Barenboim. Mozart et Bruckner;05/01/2017;
;;;;
<http://data.doremus.org/performance/88a32754-316f-3042-8cd9-4a4c655a2a5f>;17766.ttl;Staatskapelle Berlin / Barenboim;09/09/2017;SimilaritÃ© :0.7925
<http://data.doremus.org/performance/563331a0-7f67-3060-823f-a299f20fde37>;1069793.ttl;Staatskapelle Berlin, Daniel Barenboim. Bruckner;09/09/2017;
;;;;
<http://data.doremus.org/performance/2f17c33a-ebef-3d61-8754-f9dc64106f74>;17239.ttl;"\""Planetarium\"" Sufjan Stevens, Nico Muhly, Bryce Dessner & James McAlister";10/07/2017;SimilaritÃ© :0.7865
<http://data.doremus.org/performance/3f6eeaa8-a729-3ae6-ba93-e39223e957f7>;1069214.ttl;"Festival Days Off. \""Planetarium\"" Sufjan Stevens, Nico Muhly, Bryce Dessner et James McAlister";10/07/2017;
;;;;
<http://data.doremus.org/performance/edfb62b1-6073-388c-8404-251ca190f2ff>;16676.ttl;Symphonieorchester des Bayerischen Rundfunks - Jansons ;31/01/2017;SimilaritÃ© :0.7545
<http://data.doremus.org/performance/6f3a2393-a3db-3565-9aef-c32742f6f7ed>;1062335.ttl;Jansons, Symphonieorchester des Bayerischen Rundfunks;31/01/2017;
;;;;
<http://data.doremus.org/performance/2c32bb94-fcbc-3d77-babf-337ac62b0317>;17102.ttl;Jamaican Revue;21/04/2017;SimilaritÃ© :0.867
<http://data.doremus.org/performance/42f42187-a552-3861-ae3b-753de1b2d80d>;1065605.ttl;Jamaican Revue. Jah9;21/04/2017;
;;;;
<http://data.doremus.org/performance/2c32bb94-fcbc-3d77-babf-337ac62b0317>;17102.ttl;Jamaican Revue;21/04/2017;SimilaritÃ© :0.6895
<http://data.doremus.org/performance/aa34ceea-8684-3d9f-a068-47d4cfefbfd9>;1066233.ttl;Jamaican Revue. Brigadier Jerry;21/04/2017;
;;;;
<http://data.doremus.org/performance/22624565-8d57-34f2-827e-8fa13dcf94dd>;16688.ttl;Les Dissonances;30/01/2017;SimilaritÃ© :0.7005
<http://data.doremus.org/performance/7966c253-0cd2-39a7-bd27-21a34e5a75fa>;1062228.ttl;Les Dissonances, David Grimal;30/01/2017;
;;;;
<http://data.doremus.org/performance/f915a9d1-3908-3c32-94b9-bd1a9b1cf170>;16640.ttl;Orchestre de Paris;22/12/2016;SimilaritÃ© :0.746
<http://data.doremus.org/performance/0f1a0668-02e0-366c-9414-62821d3d9e63>;1059697.ttl;Orchestre de Paris. Le Paradis et la PÃ©ri;22/12/2016;
;;;;
<http://data.doremus.org/performance/1560979c-7eaf-308b-8395-563026cb7d6c>;18855.ttl;Gregory Porter;05/09/2017;SimilaritÃ© :0.6325000000000001
<http://data.doremus.org/performance/52ef5cae-8346-3273-8898-ef6b9b9c0662>;1071729.ttl;Jazz Ã  la Villette : Gregory Porter;05/09/2017;
;;;;
<http://data.doremus.org/performance/471c24ab-d939-36a7-b3ae-78e791b1ef13>;18867.ttl;Omer Avital Quintet / Laurent de Wilde & Ray Lema;08/09/2017;SimilaritÃ© :0.69
<http://data.doremus.org/performance/0ff96a98-5228-302a-93b9-2eda72a9edde>;1071742.ttl;Jazz Ã  la Villette : Laurent de Wilde et Ray Lema;08/09/2017;
;;;;
<http://data.doremus.org/performance/d72a8d8a-5f8e-323e-b3c3-5a5b6f009a2c>;18860.ttl;Mulatu Astatke & friends;13/09/2017;SimilaritÃ© :0.655
<http://data.doremus.org/performance/012f3c51-f4f4-3ad6-b4f5-3cb54e9133a5>;1071864.ttl;Jazz Ã  la Villette : Mulatu Astatke and friends;13/09/2017;
;;;;
<http://data.doremus.org/performance/d2c6f804-ec70-3ecb-a029-482b94bd0145>;16697.ttl;Chamber Orchestra of Europe;07/02/2017;SimilaritÃ© :0.7484999999999999
<http://data.doremus.org/performance/7ea40df2-546d-330c-b97a-f47fb9c82728>;1062702.ttl;Chamber Orchestra of Europe, Yannick NÃ©zet-SÃ©guin;07/02/2017;
;;;;
<http://data.doremus.org/performance/55d36769-3ed2-3b18-b134-66af198cae03>;17765.ttl;Staatskapelle Berlin / Barenboim;10/09/2017;SimilaritÃ© :0.7925
<http://data.doremus.org/performance/d456a662-0a19-3d43-9bb6-d362186eb4d9>;1069796.ttl;Staatskapelle Berlin, Daniel Barenboim. Bruckner;10/09/2017;
;;;;
<http://data.doremus.org/performance/e67a533b-aa28-3962-880f-2ffb95c62543>;16657.ttl;Staatskapelle Berlin / Daniel Barenboim;06/01/2017;SimilaritÃ© :0.8885
<http://data.doremus.org/performance/39d7e56d-baef-3846-b846-99492c03cef5>;1061039.ttl;Staatskapelle Berlin, Daniel Barenboim. Bruckner;06/01/2017;
;;;;
<http://data.doremus.org/performance/448c6edc-ee4f-3ebd-a651-35e2d8201d38>;17960.ttl;Bach en sept paroles - V - Des profondeurs;06/02/2018;SimilaritÃ© :0.7
<http://data.doremus.org/performance/c76e225c-3d2e-3801-8384-240860fb7227>;1076345.ttl;Bach en sept paroles : V : des profondeurs. Pygmalion - RaphaÃ«l Pichon;06/02/2018;
;;;;
<http://data.doremus.org/performance/68d71895-063d-31ba-9b60-1e75c8aa239d>;16794.ttl;Orchestre de Paris;24/05/2017;SimilaritÃ© :0.7215
<http://data.doremus.org/performance/cd7aa126-a4f0-3dd2-ac5d-380c757da3da>;1067466.ttl;Orchestre de Paris. Daniel Harding;24/05/2017;
;;;;
<http://data.doremus.org/performance/2590cedc-15ce-3115-bd80-7dbea7789ef1>;10029.ttl;Kind of Blue, 50 Years On;27/10/2009;SimilaritÃ© :0.673
<http://data.doremus.org/performance/555d2ff4-ca4d-35bc-b379-cd57bff31c50>;0925182.ttl;We Want Miles. Kind of Blue, 50 Years On;27/10/2009;
;;;;
<http://data.doremus.org/performance/6b99c631-5bd2-38d6-8d64-e3fdef8ee727>;10877.ttl;Orchestre Philharmonique de Radio France - Alan Gilbert;27/11/2010;SimilaritÃ© :0.8925
<http://data.doremus.org/performance/2faf8de4-800d-3630-9144-aac838be03aa>;0953738.ttl;Orchestre Philharmonique de Radio France. Alan Gilbert. Yvonne Naef;27/11/2010;
;;;;
<http://data.doremus.org/performance/1a9e0eef-4e15-3880-8424-35a4b86154cf>;10561.ttl;Carl Craig presents Tribe;10/09/2009;SimilaritÃ© :0.6915
<http://data.doremus.org/performance/e2e1b0e5-608c-384e-bb28-65f2667cddd4>;0919695.ttl;Jazz Ã  la Villette. Carl Craig presents Tribe;10/09/2009;
;;;;
<http://data.doremus.org/performance/8069101d-cdf5-3264-b574-78f47a345a68>;10693.ttl;3 Decades of EinstÃ¼rzende Neubauten;16/11/2010;SimilaritÃ© :0.749
<http://data.doremus.org/performance/8bb8bd1a-5657-3f59-9437-5deba03b0bdc>;0952911.ttl;3 Decades of EinstÃ¼rzende Neubauten. First Night of Celebration;16/11/2010;
;;;;
<http://data.doremus.org/performance/c9b4f91f-dcad-344c-bea6-41191386cce2>;11282.ttl;Abraham Inc feat. David Krakauer, Fred Wesley & SoCalled ;04/09/2010;SimilaritÃ© :0.792
<http://data.doremus.org/performance/7608dce7-69d9-3e9c-b7e7-3371d772ace2>;0948470.ttl;Jazz Ã  la Villette. Abraham Inc feat. David Krakauer, Fred Wesley & SoCalled;04/09/2010;
;;;;
<http://data.doremus.org/performance/d45056c5-e3bb-3a39-aa33-cb85385281e5>;10546.ttl;Ron Carter Foursight Quartet;03/09/2009;SimilaritÃ© :0.7090000000000001
<http://data.doremus.org/performance/daf1b3ce-0cce-3356-ab09-db9698f35f31>;0919012.ttl;Jazz Ã  la Villette. Ron Carter Foursight Quartet;03/09/2009;
;;;;
<http://data.doremus.org/performance/593ddc21-6f8e-310a-9175-e30264f853b1>;10110.ttl;Tenzin GÃ¶npo / Yungchen Lhamo;14/02/2010;SimilaritÃ© :0.6665
<http://data.doremus.org/performance/56c9583a-68f5-3b76-b11b-5beb8756024d>;0934234.ttl;RÃ©sistances. Tibet. Tenzin GÃ¶npo, Yungchen Lhamo;14/02/2010;
;;;;
<http://data.doremus.org/performance/b05820e9-59aa-3da3-897b-5aa8355a4507>;11069.ttl;LeÃ§on de musique par Menahem Pressler : InterprÃ©ter Mozart et Chopin;20/03/2011;SimilaritÃ© :0.7945
<http://data.doremus.org/performance/7582efd4-8fa2-367e-9a41-db3f4b21f1a9>;0961895.ttl;LeÃ§on de musique. InterprÃ©ter Mozart et Chopin.;20/03/2011;
;;;;
<http://data.doremus.org/performance/61139dd1-43b4-3f9c-9983-2c4f61c6dbed>;11083.ttl;Les Arts Florissants - Le Jardin de Monsieur Lully;07/06/2011;SimilaritÃ© :0.628
<http://data.doremus.org/performance/8a75afa9-f282-3e8c-9466-d0c923b303ac>;0967509.ttl;5e biennale d'art vocal. Le jardin de Monsieur Lully;07/06/2011;
;;;;
<http://data.doremus.org/performance/e5a10d70-26fa-3d57-b0ae-7f7cadb0e6af>;10952.ttl;Orchestre Philharmonique de Radio France - Lionel Bringuier - Nelson Freire;08/04/2011;SimilaritÃ© :0.8420000000000001
<http://data.doremus.org/performance/5cd25d41-ce2e-3e74-9eba-833b15a9d9b3>;0963902.ttl;Orchestre Philharmonique de Radio France. Nelson Freire;08/04/2011;
;;;;
<http://data.doremus.org/performance/1912e75a-52f5-3b9c-a878-6da0a83acbda>;6674.ttl;Avishai Cohen;28/06/2010;SimilaritÃ© :0.79
<http://data.doremus.org/performance/77c7bfa8-0778-3e59-b1f2-b00efaeb023c>;0943463.ttl;Avishai Cohen & guests;28/06/2010;
;;;;
<http://data.doremus.org/performance/367b2cff-bfc0-3ed2-9a6c-3a65ba487665>;10681.ttl;Deutsche Radio Philharmonie SaarbrÃ¼cken-Kaiserslautern;13/10/2010;SimilaritÃ© :0.6275
<http://data.doremus.org/performance/bdb83e48-ce80-3906-8f18-0688ac90de4e>;0949836.ttl;LÃ©nine, Staline et la musique. Gennady Rozhdestvensky, Deutsche Radio Philharmonie SaarbrÃ¼cken-Kaiserslautern;13/10/2010;
;;;;
<http://data.doremus.org/performance/4487ad8e-11e7-3a85-a1d3-c8a2a7b70bbc>;5535.ttl;Versus: Carl Craig / Les SiÃ¨cles;18/10/2008;SimilaritÃ© :0.8174999999999999
<http://data.doremus.org/performance/6d34def0-984b-36f9-9896-d12eda9c56d8>;0922413.ttl;Versus. Carl Craig;18/10/2008;
;;;;
<http://data.doremus.org/performance/43c3ec0e-0f54-3fa1-a1f2-81675ac3fd5f>;11286.ttl;"Chucho ValdÃ©s & Archie Shepp \""Afro-Cuban Project\""";07/09/2010;SimilaritÃ© :0.7615000000000001
<http://data.doremus.org/performance/33a13126-29a9-3448-9df2-1e1f58b09602>;0948698.ttl;"Jazz Ã  la Villette. Chucho ValdÃ©s et Archie Shepp. \""Afro-Cuban Project\""";07/09/2010;
;;;;
<http://data.doremus.org/performance/8fc77d2a-4e36-3592-843a-c805f5b35e3e>;11016.ttl;London Symphony Orchestra - Valery Gergiev;28/03/2011;SimilaritÃ© :0.7895000000000001
<http://data.doremus.org/performance/3d25a05c-b9be-3da5-b6bf-72db19b529e9>;0960360.ttl;London Symphony Orchestra;28/03/2011;
;;;;
<http://data.doremus.org/performance/21c642c8-5fc7-3529-884e-d3e59b034720>;10052.ttl;Asie centrale - Musiques des cours royales;28/11/2009;SimilaritÃ© :0.6479999999999999
<http://data.doremus.org/performance/53b05a45-c102-388e-938c-319178f62df3>;0927511.ttl;Les routes d'Orient. Asie centrale. Musiques des cours royales. OuzbÃ©kistan;28/11/2009;
;;;;
<http://data.doremus.org/performance/8a90303b-9c2e-386b-864a-5c59a3dbefff>;12098.ttl;"Aldo Romano \""Tribute to Don Cherry\""";04/09/2011;SimilaritÃ© :0.7444999999999999
<http://data.doremus.org/performance/eb9bc54d-b307-31cb-b239-331885c03905>;0975147.ttl;"Jazz Ã  la Villette. Aldo Romano \""Tribute to Don Cherry\""";04/09/2011;
;;;;
<http://data.doremus.org/performance/1351bd03-3929-3c6b-b27d-bcf56ef251ae>;11285.ttl;Robert Glasper Trio & Bilal;12/09/2010;SimilaritÃ© :0.6745
<http://data.doremus.org/performance/38c3396c-b0ab-39b2-be4a-d35c04351ff7>;0948920.ttl;Jazz Ã  la Villette. Robert Glasper trio et Bilal;12/09/2010;
;;;;
<http://data.doremus.org/performance/11488df6-ac3f-31b1-b8ec-548195e483f0>;10880.ttl;Orchestre de Paris - Dima Slobodeniouk - Gil Shaham;01/12/2010;SimilaritÃ© :0.9315
<http://data.doremus.org/performance/79f23e46-2be0-3abf-b031-2ee727b72188>;0954229.ttl;Orchestre de Paris, Dmitri Slobodeniouk, Gil Shaham;01/12/2010;
;;;;
<http://data.doremus.org/performance/aa03bddb-ef0d-380f-94b0-017092786341>;6523.ttl;Laurent Garnier Live;13/03/2010;SimilaritÃ© :0.8734999999999999
<http://data.doremus.org/performance/fea06f97-9f3f-3a00-9ced-38a0520f0081>;0935678.ttl;Laurent Garnier;13/03/2010;
;;;;
<http://data.doremus.org/performance/4ada8ffe-d380-3259-ba88-3540d4d0dcf9>;10723.ttl; Eric Le Sage - Quatuor EbÃ¨ne - Daishin Kashimoto - Lise Berthaud - FranÃ§ois Salque;17/10/2010;SimilaritÃ© :0.692
<http://data.doremus.org/performance/1ddae412-c8ec-3367-9cb8-344dfd7e8bfd>;0949208.ttl;Week-end de musique de chambre franÃ§aise. Eric Le Sage, Daishin Kashimoto, Lise Berthaud, FranÃ§ois Salque;17/10/2010;
;;;;
<http://data.doremus.org/performance/438f63b8-8928-3c76-8220-98e7ca25d45c>;10104.ttl;Orchestre Philharmonique de Radio France;05/02/2010;SimilaritÃ© :0.7709999999999999
<http://data.doremus.org/performance/cbfdb6ca-c5f9-36e8-b0c2-ae0862b9e536>;0933821.ttl;Orientalismes. Orchestre Philharmonique de Radio France;05/02/2010;
;;;;
<http://data.doremus.org/performance/52ef69ff-2627-3aab-83d9-fc57482fd681>;10560.ttl;Elysian Fields feat. Don Byron;06/09/2009;SimilaritÃ© :0.738
<http://data.doremus.org/performance/fdbbeca1-a8ac-3a53-8517-386b96933611>;0920432.ttl;Jazz Ã  la Villette. Elysian Fields feat. Don Byron;06/09/2009;
;;;;
<http://data.doremus.org/performance/23f20f9b-46a2-38e3-9066-0f79d6b5f0bc>;10794.ttl;Il ritorno d'Ulisse in patria;22/06/2011;SimilaritÃ© :0.628
<http://data.doremus.org/performance/481ba57f-9a33-396e-b62c-9baf9de10308>;0967956.ttl;5e biennale d'art vocal. Il ritorno d'Ulisse in patria;22/06/2011;
;;;;
<http://data.doremus.org/performance/652c4e80-0199-3562-83cb-a718150333d1>;5426.ttl;Chamber Orchestra of Europe;24/01/2009;SimilaritÃ© :0.795
<http://data.doremus.org/performance/6860b283-6cbc-30b8-a1c0-6e714c7d6858>;0896298.ttl;Chamber orchestra of Europe, HÃ©lÃ¨ne Grimaud;24/01/2009;
;;;;
<http://data.doremus.org/performance/d7025106-823a-34fd-9fbd-ae212ae60317>;10612.ttl;Las Ondas Marteles;05/09/2009;SimilaritÃ© :0.6205
<http://data.doremus.org/performance/8c5c7496-3899-39a7-9fa3-b0ab6c4964f9>;0925252.ttl;Jazz Ã  la Villette. Las Ondas Marteles;05/09/2009;
;;;;
<http://data.doremus.org/performance/8baf0c46-5699-3da1-b6c7-95562f58f769>;5486.ttl;Marianne Faithfull;18/06/2009;SimilaritÃ© :0.6915
<http://data.doremus.org/performance/136637ff-fb91-3a02-9a9a-0a470eea8a62>;0909021.ttl;Domaine privÃ© Marianne Faithfull;18/06/2009;
;;;;
<http://data.doremus.org/performance/d8d71d5a-dbea-3685-ad09-735e519c7d87>;10128.ttl;Ensemble intercontemporain, Pierre Boulez;12/03/2010;SimilaritÃ© :0.64
<http://data.doremus.org/performance/5a1918a1-3b65-30c6-bb24-6bb202095f80>;0936345.ttl;L'orchestre laboratoire. Ensemble intercontemporain, Pierre Boulez, BBC singers;12/03/2010;
;;;;
<http://data.doremus.org/performance/17e03e19-59e6-37ea-805b-7e311e945a0b>;10998.ttl;Budapest Festival Orchestra - IvÃ¡n Fischer - Petra Lang;05/03/2011;SimilaritÃ© :0.739
<http://data.doremus.org/performance/3c0ca17a-467e-3286-bb2b-9ea3acfeb569>;0960343.ttl;Budapest Festival Orchestra;05/03/2011;
;;;;
<http://data.doremus.org/performance/43c700d9-369f-36ea-b890-7baab658998a>;11929.ttl;The Velvet Underground Revisited ;07/07/2011;SimilaritÃ© :0.7115
<http://data.doremus.org/performance/e201ca90-7dc8-395a-aca4-411977bb78a5>;0993793.ttl;Festival Days Off. The Velvet Underground Revisited;07/07/2011;
;;;;
<http://data.doremus.org/performance/b91a73dd-96a8-3819-8111-b356c81ef0c6>;10721.ttl;Eric Le Sage - Quatuor EbÃ¨ne - FranÃ§ois Salque - Paul Meyer ;16/10/2010;SimilaritÃ© :0.6479999999999999
<http://data.doremus.org/performance/8c4901c8-8df5-3c52-b06a-1f25445ce21c>;0949205.ttl;Week-end de musique de chambre franÃ§aise. Eric Le Sage, Quatuor EbÃ¨ne, FranÃ§ois Salque, Paul Meyer (16h);16/10/2010;
;;;;
<http://data.doremus.org/performance/4a7f8ba3-0c91-343a-a83e-55505375c79a>;5457.ttl;Erik Truffaz - Murcof - Talvin Singh;16/04/2009;SimilaritÃ© :0.7110000000000001
<http://data.doremus.org/performance/bacd81e4-0c38-3022-b092-99475ba62b85>;0903773.ttl;RÃ©pÃ©ter / Varier 2. Erik Truffaz, Murcof, Talvin Singh;16/04/2009;
;;;;
<http://data.doremus.org/performance/97ce2c92-9eb6-35a9-948d-c4582521b44b>;10689.ttl;Nada Strancar chante Brecht/Dessau;05/11/2010;SimilaritÃ© :0.718
<http://data.doremus.org/performance/9c044764-10cd-353f-a753-2091461a5aed>;0950690.ttl;Les musiciens de Brecht. Nada Strancar chante Brecht / Dessau;05/11/2010;
;;;;
<http://data.doremus.org/performance/d4c56aca-2baf-31a6-9604-24c4229e26f9>;10677.ttl;Les SiÃ¨cles - Daniel Mesguich;03/10/2010;SimilaritÃ© :0.688
<http://data.doremus.org/performance/b1da7ef1-3844-335b-ae2b-6693b3e0f517>;0949201.ttl;Les ballets russes. Les SiÃ¨cles. Daniel Mesguich;03/10/2010;
;;;;
<http://data.doremus.org/performance/392d6fab-e254-35f9-849c-2edb4047d3bf>;6671.ttl;Take A Bow !;23/06/2010;SimilaritÃ© :0.8
<http://data.doremus.org/performance/cc53d690-0d04-384b-a94a-10daad4a71b5>;0943452.ttl;Take a bow ! 2010;23/06/2010;
;;;;
<http://data.doremus.org/performance/476facca-566f-33ae-be74-e63da19ffb9b>;10705.ttl;Chamber Orchestra of Europe / V. Jurowski - J. Bell;17/12/2010;SimilaritÃ© :0.845
<http://data.doremus.org/performance/f365b71a-e7d2-3719-89ba-79927e43ebb8>;0955272.ttl;Chamber Orchestra of Europe. Vladimir Jurowski. Joshua Bell;17/12/2010;
;;;;
<http://data.doremus.org/performance/3736ce32-71d7-3177-a3b1-9483db263da9>;6444.ttl;Brahms, musique de chambre II;18/10/2009;SimilaritÃ© :0.975
<http://data.doremus.org/performance/4d4526c0-1549-3c40-aee5-2443ac7ce10a>;0924584.ttl;Brahms, musique de chambre III;18/10/2009;
;;;;
<http://data.doremus.org/performance/e7a1ad92-54b1-31af-8e1a-a4dd4b6a92dd>;10030.ttl;Birth of the Cool Suite;28/10/2009;SimilaritÃ© :0.6885
<http://data.doremus.org/performance/1a984cff-9784-3c3a-910c-c8fa432908bd>;0925032.ttl;We Want Miles. Birth of the Cool Suite;28/10/2009;
;;;;
<http://data.doremus.org/performance/ce6cf64e-6096-3433-b41a-dd4904d62445>;10925.ttl;Orchestre Philharmonique de Radio France - Manfred Honeck - Tedi Papavrami;07/01/2011;SimilaritÃ© :0.7444999999999999
<http://data.doremus.org/performance/15198688-34bd-373e-b4e0-7a359bba4e9b>;0956005.ttl;Orchestre Philharmonique de Radio France;07/01/2011;
;;;;
<http://data.doremus.org/performance/87a65d45-b3b4-30d5-b5da-70eb7cb4e0ff>;10684.ttl;Tambours sabar du SÃ©nÃ©gal;23/10/2010;SimilaritÃ© :0.6545
<http://data.doremus.org/performance/a1162f64-b35d-3150-9c6a-ad086b727cad>;0950688.ttl;Concert Ã©ducatif. Tambours sabar du SÃ©nÃ©gal;23/10/2010;
;;;;
<http://data.doremus.org/performance/5443439d-c279-3e86-a764-3326dec6e342>;6445.ttl;Brahms, musique de chambre III;18/10/2009;SimilaritÃ© :0.975
<http://data.doremus.org/performance/610769b9-83ad-3acc-99cb-7727353ee787>;0924580.ttl;Brahms, musique de chambre II;18/10/2009;
;;;;
<http://data.doremus.org/performance/3add79a5-1e48-30da-8a0e-856b29c332ca>;10975.ttl;Orchestre de Paris - Paavo JÃ¤rvi - Matthias Goerne - Eric Picard;10/02/2011;SimilaritÃ© :0.7925
<http://data.doremus.org/performance/fbfb46b1-6cef-3ba2-9664-953c3e6cf9c5>;0958341.ttl;Orchestre de Paris, Choeur de l'Orchestre de Paris, Paavo JÃ¤rvi, Matthias Goerne, Eric Picard;10/02/2011;
;;;;
<http://data.doremus.org/performance/8da059f2-1ab5-3c7a-b737-aa18f817cebe>;13129.ttl;La Chambre Philharmonique;12/10/2013;SimilaritÃ© :0.7595000000000001
<http://data.doremus.org/performance/a0c68b9b-034f-3471-9ccc-23d3b7aa8fa1>;1010181.ttl;Fleuves. La Chambre Philharmonique;12/10/2013;
;;;;
<http://data.doremus.org/performance/16711a7f-87e9-3c24-9c28-5adca114db58>;12757.ttl;Wild Beasts - Other Lives;06/07/2012;SimilaritÃ© :0.638
<http://data.doremus.org/performance/f0c2439d-f98b-353a-b2da-31233ac36983>;0989993.ttl;Festival Days Off : Other Lives;06/07/2012;
;;;;
<http://data.doremus.org/performance/4242ce14-a43f-343f-a6cd-9e350fc160ac>;11514.ttl;The Tiger Lillies;09/02/2012;SimilaritÃ© :0.6905
<http://data.doremus.org/performance/9db2e133-7efb-35d6-baf1-823aedbc7acf>;0981548.ttl;The Tiger Lillies : Low Life Lullabies;09/02/2012;
;;;;
<http://data.doremus.org/performance/81b93993-afc6-376b-8392-519b358b46f4>;12684.ttl;Orchestre Philharmonique de Radio France - Daniel Harding;29/03/2013;SimilaritÃ© :0.8055000000000001
<http://data.doremus.org/performance/6604b8bf-62f6-3168-93a1-95c57daa8197>;1000295.ttl;Orchestre Philharmonique de Radio France, Daniel Harding. La Chute de Fukuyama (opÃ©ra vidÃ©o);29/03/2013;
;;;;
<http://data.doremus.org/performance/ddd97524-cae9-33da-9cb4-ffb9fd80557a>;11451.ttl;HÃ©lÃ¨ne Grimaud / Kammerorchester des Bayerischen Rundfunk;05/11/2011;SimilaritÃ© :0.6285000000000001
<http://data.doremus.org/performance/46ace278-c490-328b-9606-628ab5b64bdb>;0977016.ttl;Domaine privÃ© HÃ©lÃ¨ne Grimaud : Kammerorchester des Bayerischen Rundfunks, HÃ©lÃ¨ne Grimaud, Radoslaw Szulc;05/11/2011;
;;;;
<http://data.doremus.org/performance/b91c1d02-ff14-3597-b772-2849e2510df7>;11522.ttl;Solistes de l'Ensemble intercontemporain;11/02/2012;SimilaritÃ© :0.77
<http://data.doremus.org/performance/c4e134d6-e8bc-3f05-9706-63e1bfe5a761>;1005569.ttl;Des pieds et des mains. Solistes de l'Ensemble intercontemporain;11/02/2012;
;;;;
<http://data.doremus.org/performance/60da1c7a-958d-36cc-b4e1-b2c8e97b0865>;12097.ttl;Medeski, Martin & Wood / Steven Bernstein & The Millennial Territory Orchestra play Sly;11/09/2011;SimilaritÃ© :0.692
<http://data.doremus.org/performance/36835a86-4f66-3cc0-afd8-b9b3fa50667b>;0975146.ttl;Jazz Ã  la Villette. Steven Bernstein & The Millennial Territory Orchestra play Sly & The Family Stone;11/09/2011;
;;;;
<http://data.doremus.org/performance/095dc780-3801-3c83-a463-f1df97559514>;12409.ttl;Orchestre Philharmonique de Radio France - Santtu-Matias Rouvali - Anu Komsi ;19/04/2013;SimilaritÃ© :0.732
<http://data.doremus.org/performance/87104ee0-ef87-3a58-b16d-523b7f22ac27>;1002176.ttl;Domaine privÃ© Kaija Saariaho. Orchestre Philharmonique de Radio France, Santtu-Matias Rouvali, Anu Komsi;19/04/2013;
;;;;
<http://data.doremus.org/performance/d1a31fab-3333-3dd6-b365-c0dba6631d91>;12829.ttl;Orchestre Philharmonique de Radio France - Orchestre Unhasu;14/03/2012;SimilaritÃ© :0.8685
<http://data.doremus.org/performance/08cb410c-d23f-32c3-840c-903f815f120f>;0983961.ttl;Orchestre Philharmonique de Radio France, Orchestre Unhasu, Myung-Whun Chung;14/03/2012;
;;;;
<http://data.doremus.org/performance/84730e5f-9e7d-3c6e-be2b-c3802b91ecc0>;13172.ttl;Public Image Limited;23/10/2013;SimilaritÃ© :0.7324999999999999
<http://data.doremus.org/performance/8a2801a1-db79-37e5-99da-7c072a93a011>;1010110.ttl;Europunk. Public Image Limited;23/10/2013;
;;;;
<http://data.doremus.org/performance/6b59172a-ef6f-3dab-91f7-fbf4655d7fb2>;11452.ttl;Jan Vogler / HÃ©lÃ¨ne Grimaud;06/11/2011;SimilaritÃ© :0.6930000000000001
<http://data.doremus.org/performance/6bc4f976-29a2-3d56-bb88-28563eb94b8a>;0976426.ttl;Domaine privÃ©. HÃ©lÃ¨ne Grimaud;06/11/2011;
;;;;
<http://data.doremus.org/performance/c9adfe21-7b47-3770-a73c-b4057e763c0b>;11951.ttl;Take A Bow!;13/11/2011;SimilaritÃ© :0.8
<http://data.doremus.org/performance/8427de1f-8e69-3fa5-ab72-3c68e97fcc36>;0984698.ttl;Take a bow ! 2011;13/11/2011;
;;;;
<http://data.doremus.org/performance/67a7eece-1a3e-39e7-b0ca-e6a0dbff130f>;13283.ttl;Bach, concertos pour piano - Orchestre de chambre de Lausanne;21/10/2013;SimilaritÃ© :0.8855
<http://data.doremus.org/performance/a134bf1e-15d6-3b9d-bfef-ad424e1bebec>;1010103.ttl;Bach, concertos pour clavier, Orchestre de chambre de Lausanne;21/10/2013;
;;;;
<http://data.doremus.org/performance/f0a39f7c-e5d7-3093-b86f-c965011c77cb>;13270.ttl;Orchestre Symphonique d'Etat de SÃ£o Paulo - Nelson Freire - Marin Alsop;07/10/2013;SimilaritÃ© :0.7989999999999999
<http://data.doremus.org/performance/6a10165b-40e0-39b7-8757-b3a74ee87b6c>;1009521.ttl;Orchestre Symphonique d'Etat de SÃ£o Paulo, Marin Alsop, Nelson Freire;07/10/2013;
;;;;
<http://data.doremus.org/performance/501d9fd7-a9c6-3ac7-b681-ec7aaeeb849f>;13284.ttl;Bach, concertos pour piano - Orchestre de chambre de Lausanne;22/10/2013;SimilaritÃ© :0.8855
<http://data.doremus.org/performance/dd741428-8408-3d20-80f5-39d8a049ce42>;1010107.ttl;Bach, concertos pour clavier, Orchestre de chambre de Lausanne;22/10/2013;
;;;;
<http://data.doremus.org/performance/1d988b83-8149-3316-9322-c807931139b6>;11576.ttl;Ensemble intercontemporain - Lucerne Festival Academy Ensemble- Pierre Boulez - Barbara Hannigan;27/09/2011;SimilaritÃ© :0.9265
<http://data.doremus.org/performance/e8e5d815-1491-31df-942e-cd137a9c1a29>;0974485.ttl;Ensemble intercontemporain, Lucerne Festival Academy, Pierre Boulez, Barbara Hannigan;27/09/2011;
;;;;
<http://data.doremus.org/performance/26b6489a-f683-3383-89b6-b848b247c890>;12537.ttl;Le Jardin des Voix - Concert des LaurÃ©ats du 6eme Jardin des Voix (2013);02/04/2013;SimilaritÃ© :0.9455
<http://data.doremus.org/performance/dd7ae730-abe4-3749-8a25-0438e00737b2>;1001586.ttl;Le Jardin des Voix : concert des LaurÃ©ats du 6Ã¨me Jardin des Voix;02/04/2013;
;;;;
<http://data.doremus.org/performance/fb9cf501-0d42-32b6-82ac-7b41b7afac40>;13174.ttl;Buzzcocks / Frustration;24/10/2013;SimilaritÃ© :0.7
<http://data.doremus.org/performance/250858ea-350c-3539-964d-578d430034c4>;1010119.ttl;Europunk. Frustration;24/10/2013;
;;;;
<http://data.doremus.org/performance/72625181-fab6-3221-aacf-0a7eeb284b1a>;11437.ttl;Poulenc/La voix humaine/Karen Vourc'h/Ensemble Orchestral de Paris;20/09/2011;SimilaritÃ© :0.6665
<http://data.doremus.org/performance/c77812de-0462-3a17-837b-9ae338046ae0>;0974273.ttl;Passions, le dÃ©sordre amoureux. Ensemble Orchestral de Paris;20/09/2011;
